[{"name":"theme_info","theme_name":"Flow","theme_author":"WeTheme","theme_version":"15.3","theme_documentation_url":"http:\/\/flowdocs.wetheme.com","theme_support_url":"https:\/\/www.wetheme.com\/contact"},{"name":{"en":"Colors","de":"Farben","es":"Colores","fr":"Couleurs","pt-PT":"Cores"},"settings":[{"type":"header","content":{"en":"General","de":"Allgemeines","es":"General","fr":"Général","pt-PT":"Geral"}},{"type":"color","id":"color_body_text","label":{"en":"Text","de":"Text","es":"Texto","fr":"Texte","pt-PT":"Texto"},"default":"#333333"},{"type":"color","id":"color_primary","label":{"en":"Links","de":"Links","es":"Enlaces","fr":"Liens","pt-PT":"Ligações"},"default":"#204a80"},{"type":"color","id":"color_body_bg","label":{"en":"Background","de":"Hintergrund","es":"Fondo","fr":"Contexte général","pt-PT":"Fundo"},"default":"#ffffff"},{"type":"color","id":"color_body_bg_secondary","label":{"en":"Secondary background","de":"Sekundärer Hintergrund","es":"Fondo secundario","fr":"Arrière-plan secondaire","pt-PT":"Fundo secundário"},"default":"#f6f7f8","info":{"en":"Used for backgrounds on home and product pages","de":"Wird als Hintergrundfarbe auf der Startseite und den Produktseiten verwendet","es":"Se utiliza para fondos en la página de inicio y en las de productos","fr":"Utilisé pour les arrière-plans sur les pages d'accueil et de produits","pt-PT":"Utilizado para fundos em páginas iniciais e de produtos"}},{"type":"color","id":"sale_badge_color","label":{"en":"Sale badge","fr":"Badge « En solde »","de":"Sale-Button","es":"Cartel de «oferta»","pt-PT":"Emblema de venda"},"default":"#f26c4f"},{"type":"checkbox","id":"enable-sale-badge","label":{"en":"Show sale badge","de":"Markierung für Aktionen anzeigen","es":"Mostrar el distintivo de en venta","fr":"Afficher le badge \"en vente\"","pt-PT":"Mostrar Crachá de Venda"},"default":true},{"type":"color","id":"sold_out_badge_color","label":{"en":"Sold out badge","fr":"Badge « Épuisé »","de":"Ausverkauft-Button","es":"Cartel de «agotado»","pt-PT":"Emblema de esgotado"},"default":"#000000"},{"type":"checkbox","id":"enable-sold-out-badge","label":{"en":"Show sold out badge","de":"Markierung für Ausverkauft anzeigen","es":"Mostrar el distintivo de agotado","fr":"Afficher le badge \"épuisé\"","pt-PT":"Mostrar Crachá de Esgotado"},"default":true},{"type":"color","id":"cart_color","label":{"en":"Cart indicator","de":"Warenkorb-Anzeige","es":"Indicador del carro de la compra","fr":"Indicateur de panier d'achats","pt-PT":"Indicador de carrinho"},"default":"#f68e56","info":{"en":"Mobile cart quantity\/value indicator","de":"Mengen-\/Wertanzeige für den mobilen Warenkorb ","es":"Indicar móvil de la cantidad\/valor del carro de la compa","fr":"Indicateur de quantité\/valeur du panier mobile","pt-PT":"Indicador de quantidade\/valor do carrinho móvel"}},{"type":"color","id":"sliderArrowColor","label":{"en":"Slider arrows","de":"Slider-Pfeile","es":"Flechas deslizantes","fr":"Flèches de défilement","pt-PT":"Setas deslizantes"},"default":"#a4a4a4","info":{"en":"Next and previous arrows for the homepage slider section","de":"Pfeile für „Nächstes” und „Vorheriges” für den Slider-Bereich auf der Startseite","es":"Flechas de siguiente y anterior para la sección de diapositivas de la página de inicio","fr":"Flèches avant et de retour pour la section défilante de la page d'accueil","pt-PT":"Setas seguintes e anteriores para a secção deslizante da página inicial"}},{"type":"header","content":{"en":"Header","de":"Überschrift","es":"Encabezado","fr":"En-tête","pt-PT":"Cabeçalho"}},{"type":"color","id":"color_primary_navigation","label":{"en":"Text","de":"Text","es":"Texto","fr":"Texte","pt-PT":"Texto"},"default":"#000000"},{"type":"color","id":"color_primary_navigation_hover","label":{"en":"Text hover","de":"Text-Hover","es":"Texto con efecto hover","fr":"Survol du texte","pt-PT":"Texto ao passar o rato"},"default":"#595959"},{"type":"color","id":"color_secondary_navigation","label":{"en":"Icons","de":"Symbole","es":"Iconos","fr":"Icônes","pt-PT":"Ícones"},"default":"#a4a4a4"},{"type":"color","id":"header-bg-color","label":{"en":"Background","de":"Hintergrund","es":"Fondo","fr":"Contexte général","pt-PT":"Fundo"},"default":"#ffffff"},{"type":"color","id":"header-border-color","label":{"en":"Borders","de":"Borders","es":"Bordes","fr":"Bordures","pt-PT":"Margens"},"default":"rgba(0,0,0,0)"},{"type":"color","id":"header-transparent-text","label":{"en":"Overlay text","de":"Textüberlagerung","es":"Superponer texto","fr":"Texte en surimpression","pt-PT":"Texto de sobreposição"},"default":"#fff"},{"type":"color","id":"header-transparent-background","label":{"en":"Overlay background","de":"Hintergrundüberlagerung","es":"Superponer fondo","fr":"Arrière-plan en surimpression","pt-PT":"Fundo de sobreposição"},"default":"#000","info":{"en":"Used when 'Header opacity' is more than 0%","de":"Wird verwendet, wenn die „Header-Deckkraft” mehr als 0 % beträgt.","es":"Se utiliza cuando la 'Opacidad del encabezado' es superior al 0%","fr":"Utilisé lorsque l'\"opacité de l'en-tête\" est supérieure à 0 %.","pt-PT":"Utilizado quando a \"Opacidade do cabeçalho\" é superior a 0%"}},{"type":"header","content":{"en":"Mobile Menu","de":"Mobiles Menü","es":"Menú móvil","fr":"Menu du mobile","pt-PT":"Menu Móvel"}},{"type":"color","id":"mobile-menu-bg","label":{"en":"Background","de":"Hintergrund","es":"Fondo","fr":"Contexte général","pt-PT":"Fundo"},"default":"#fff"},{"type":"color","id":"mobile-menu-text","label":{"en":"Text","de":"Text","es":"Texto","fr":"Texte","pt-PT":"Texto"},"default":"#000"},{"type":"color","id":"mobile-menu-text-hover","label":{"en":"Text hover","de":"Text-Hover","es":"Texto con efecto hover","fr":"Survol du texte","pt-PT":"Texto ao passar o rato"},"default":"#9F9F9F"},{"type":"header","content":{"en":"Buttons","fr":"Boutons","de":"Buttons","es":"Botones","pt-PT":"Botões"}},{"type":"color","id":"color_primary_button_background","label":{"en":"Button background","de":"Button-Hintergrund","es":"Fondo del botón","fr":"Bouton fond d'écran","pt-PT":"Fundo do botão"},"default":"#3e3e3e"},{"type":"color","id":"color_primary_button_text","label":{"en":"Button text","de":"Buttontext","es":"Texto del botón","fr":"Texte des boutons","pt-PT":"Texto do botão"},"default":"#ffffff"},{"type":"color","id":"color_primary_button_background_hover","label":{"en":"Button background hover","de":"Button-Hintergrund-Hover","es":"Efecto hover sobre el fondo del botón","fr":"Bouton de survol de l'arrière-plan","pt-PT":"Fundo do botão ao passar o rato"},"default":"#9f9f9f"},{"type":"color","id":"color_primary_button_text_hover","label":{"en":"Button text hover","de":"Button-Text-Hover","es":"Efecto hover sobre el texto del botón","fr":"Bouton de survol du texte","pt-PT":"Texto do botão ao passar o rato"},"default":"#eeeeee"},{"type":"color","id":"color_secondary_button_background","label":{"en":"Secondary button background","de":"Hintergrund sekundärer Buttons","es":"Fondo del botón secundario","fr":"Bouton secondaire Arrière-plan","pt-PT":"Fundo do botão secundário"},"default":"#818181"},{"type":"color","id":"color_secondary_button_text","label":{"en":"Secondary button text","de":"Text sekundärer Buttons","es":"Texto del botón secundario","fr":"Bouton secondaire Texte","pt-PT":"Texto do botão secundário"},"default":"#ffffff"},{"type":"color","id":"color_secondary_button_background_hover","label":{"en":"Secondary button background hover","de":"Hintergrund-Hover sekundärer Buttons","es":"Efecto hover sobre el fondo del botón secundario","fr":"Bouton secondaire Survol de l'arrière-plan","pt-PT":"Fundo do botão secundário ao passar o rato"},"default":"#4e4e4e"},{"type":"color","id":"color_secondary_button_text_hover","label":{"en":"Secondary button text hover","de":"Text-Hover sekundärer Buttons","es":"Efecto hover sobre el texto del botón secundario","fr":"Bouton secondaire Survol du texte","pt-PT":"Texto do botão secundário ao passar o rato"},"default":"#ffffff"},{"type":"header","content":{"en":"Color schemes","fr":"Palettes de couleurs","de":"Farbschemata","es":"Esquemas de color","pt-PT":"Esquemas de cor"}},{"type":"color","id":"colorSchemeLightBackground","label":{"en":"Light background","fr":"Fond clair","de":"Heller Hintergrund","es":"Fondo claro","pt-PT":"Fundo claro"},"default":"#f1f2f3"},{"type":"color","id":"colorSchemeLightText","label":{"en":"Light text","fr":"Texte clair","de":"Heller Text","es":"Texto claro","pt-PT":"Texto claro"},"default":"#414141"},{"type":"color","id":"homepage-sections-accent-primary-color","label":{"en":"Feature background","fr":"Fond de présentation","de":"Feature-Hintergrund","es":"Fondo descatado","pt-PT":"Fundo característico"},"default":"#c1c1c2"},{"type":"color","id":"homepage-sections-accent-secondary-color","label":{"en":"Feature text","fr":"Texte de présentation","de":"Feature-Text","es":"Texto descatado","pt-PT":"Texto característico"},"default":"#414141"},{"type":"color","id":"colorSchemeDarkBackground","label":{"en":"Dark background","fr":"Fond sombre","de":"Dunkler Hintergrund","es":"Fondo oscuro","pt-PT":"Fundo escuro  "},"default":"#242424"},{"type":"color","id":"colorSchemeDarkText","label":{"en":"Dark text","fr":"Texte sombre","de":"Dunkler Text","es":"Texto oscuro","pt-PT":"Texto escuros"},"default":"#ffffff"},{"type":"header","content":{"en":"Hero","de":"Hero","es":"Héroe","fr":"Héros","pt-PT":"Herói"}},{"type":"color","id":"hero-heading-colour","label":{"en":"Heading","de":"Überschrift","es":"Encabezado","fr":"Rubrique","pt-PT":"Título"},"default":"#fff"},{"type":"color","id":"hero-description-colour","label":{"en":"Description","de":"Beschreibung","es":"Descripción","fr":"Description","pt-PT":"Descrição"},"default":"#fff"},{"type":"header","content":{"en":"Popup","fr":"Pop-up","de":"Popup","es":"Emergente","pt-PT":"Popup"}},{"type":"color","id":"pop-up-text-background-colour","label":{"en":"Background","de":"Hintergrund","es":"Fondo","fr":"Contexte général","pt-PT":"Fundo"},"default":"#fff"},{"type":"color","id":"pop-up-text-header-text-colour","label":{"en":"Text","de":"Text","es":"Texto","fr":"Texte","pt-PT":"Texto"},"default":"#000"},{"type":"header","content":{"en":"Cart drawer","de":"Warenkorb-Slider","es":"Carro de la compra","fr":"Tiroir de panier d'achat","pt-PT":"Gaveta do carrinho"}},{"type":"color","id":"cart-drawer-bg","label":{"en":"Background","de":"Hintergrund","es":"Fondo","fr":"Contexte général","pt-PT":"Fundo"},"default":"#fff"},{"type":"color","id":"cart-drawer-text","label":{"en":"Text","de":"Text","es":"Texto","fr":"Texte","pt-PT":"Texto"},"default":"#000"},{"type":"color","id":"cart-drawer-text-hover","label":{"en":"Link hover","de":"Link-Hover","es":"Efecto hover sobre enlace","fr":"Survolez le lien","pt-PT":"Link ao passar o rato"},"default":"#9F9F9F"},{"type":"header","content":{"en":"Footer","de":"Fußzeile","es":"Pie de página","fr":"Pied de page","pt-PT":"Rodapé"}},{"type":"color","id":"color_footer_bg","label":{"en":"Background","de":"Hintergrund","es":"Fondo","fr":"Contexte général","pt-PT":"Fundo"},"default":"#ffffff"},{"type":"color","id":"color_footer_text","label":{"en":"Text","de":"Text","es":"Texto","fr":"Texte","pt-PT":"Texto"},"default":"#000000"}]},{"name":{"en":"Typography","fr":"Typographie","de":"Typographie","es":"Tipografía","pt-PT":"Tipografia"},"settings":[{"type":"header","content":{"en":"Headings","fr":"Titres","de":"Headings","es":"Encabezados","pt-PT":"Cabeçalhos"}},{"type":"font_picker","id":"type_header_font","label":{"en":"Font","fr":"Police","de":"Schriftart","es":"Tipografía","pt-PT":"Tipo de letra"},"default":"roboto_n5"},{"type":"range","id":"header-text-size","min":10,"max":48,"step":1,"unit":{"en":"px","de":"px","es":"px","fr":"px","pt-PT":"px"},"label":{"en":"Size","fr":"Taille","de":"Größe","es":"Tamaño","pt-PT":"Tamanho"},"default":24},{"type":"range","id":"heading_spacing","min":0,"max":5,"step":1,"unit":{"en":"px","de":"px","es":"px","fr":"px","pt-PT":"px"},"label":{"en":"Letter spacing","de":"Zeichenabstand","es":"Espaciado entre letras","fr":"Espacement des lettres","pt-PT":"Espaçamento entre letras"},"default":1},{"type":"select","id":"heading_font_case","label":{"en":"Heading case","fr":"Casse de titre","de":"Titelgröße","es":"Formato del encabezado","pt-PT":"Caixa do cabeçalho"},"options":[{"value":"normal","label":{"en":"Normal case","fr":"Casse normale","de":"Normale Größe","es":"Formato normal","pt-PT":"Caixa normal"}},{"value":"lowercase","label":{"en":"Lowercase","fr":"Minuscules","de":"Kleinschrift","es":"Minúscula","pt-PT":"Letra minúscula"}},{"value":"uppercase","label":{"en":"Uppercase","fr":"Majuscules","de":"Großschrift","es":"Mayúscula","pt-PT":"Letra maiúscula"}}],"default":"normal"},{"type":"select","id":"heading_style","label":{"en":"Heading style","de":"Überschriften-Stil","es":"Estilo del encabezado","fr":"Style de titre","pt-PT":"Estilo do cabeçalho"},"options":[{"value":"none","label":{"en":"None","de":"Keiner","es":"Ninguno","fr":"Aucun","pt-PT":"Nenhum"}},{"value":"dots","label":{"en":"Dots","de":"Punkte","es":"Putos","fr":"Pois","pt-PT":"Pontos"}},{"value":"underline","label":{"en":"Underline","fr":"Souligner","de":"Unterstrichen","es":"Subrayar","pt-PT":"Sublinhar"}},{"value":"dotted-line","label":{"en":"Dotted line","de":"Gepunktete Linie","es":"Línea de puntos","fr":"Ligne en pointillés","pt-PT":"Linha pontilhada"}},{"value":"brackets","label":{"en":"Brackets","de":"Klammern","es":"Paréntesis","fr":"Crochets","pt-PT":"Parênteses"}}],"default":"none"},{"type":"color","id":"heading_style_color","label":{"en":"Style color","de":"Stilfarbe","es":"Color","fr":"Style couleur","pt-PT":"Cor do estilo"},"default":"#e1e1e1"},{"type":"header","content":{"en":"Body text","fr":"Corps de texte","de":"Textkörper","es":"Texto principal","pt-PT":"Corpo de texto"}},{"type":"font_picker","id":"type_base_font","label":{"en":"Font","fr":"Police","de":"Schriftart","es":"Tipografía","pt-PT":"Tipo de letra"},"default":"roboto_n4"},{"type":"range","id":"typography-body-font-size","min":12,"max":20,"step":1,"unit":{"en":"px","de":"px","es":"px","fr":"px","pt-PT":"px"},"label":{"en":"Size","fr":"Taille","de":"Größe","es":"Tamaño","pt-PT":"Tamanho"},"default":14},{"type":"header","content":{"en":"Navigation","fr":"Navigation","de":"Navigation","es":"Navegación","pt-PT":"Navegação"}},{"type":"font_picker","id":"type_navigation_font","label":{"en":"Font","fr":"Police","de":"Schriftart","es":"Tipografía","pt-PT":"Tipo de letra"},"default":"roboto_n4"},{"type":"range","id":"header_font_size","min":10,"max":24,"step":1,"unit":{"en":"px","de":"px","es":"px","fr":"px","pt-PT":"px"},"label":{"en":"Size","fr":"Taille","de":"Größe","es":"Tamaño","pt-PT":"Tamanho"},"default":20},{"type":"select","id":"header_font_case","label":{"en":"Menu case","fr":"Casse de menu","de":"Menügröße","es":"Formato del menú","pt-PT":"Caixa do menu"},"options":[{"value":"normal","label":{"en":"Normal case","fr":"Casse normale","de":"Normale Größe","es":"Formato normal","pt-PT":"Caixa normal"}},{"value":"lowercase","label":{"en":"Lowercase","fr":"Minuscules","de":"Kleinschrift","es":"Minúscula","pt-PT":"Letra minúscula"}},{"value":"uppercase","label":{"en":"Uppercase","fr":"Majuscules","de":"Großschrift","es":"Mayúscula","pt-PT":"Letra maiúscula"}}],"default":"normal"},{"type":"header","content":{"en":"Buttons","fr":"Boutons","de":"Buttons","es":"Botones","pt-PT":"Botões"}},{"type":"select","id":"button_style","label":{"en":"Borders","de":"Borders","es":"Bordes","fr":"Bordures","pt-PT":"Margens"},"options":[{"value":"circle","label":{"en":"Curved edges","de":"Gewölbte Ecken","es":"Bordes curvados","fr":"Bords incurvés","pt-PT":"Margens curvas"}},{"value":"rounded","label":{"en":"Rounded edges","de":"Runde Ecken","es":"Bordes redondeados","fr":"Bords arrondis","pt-PT":"Margens arredondadas"}},{"value":"square","label":{"en":"Square edges","de":"Rechtwinklige Ecken","es":"Bordes cuadrados","fr":"Bords carrés","pt-PT":"Margens quadradas"}}],"default":"square"},{"type":"select","id":"button_text_case","label":{"en":"Case","de":"Hülle","es":"Mayúsculas\/Minúsculas","fr":"Boîtier","pt-PT":"Caixa"},"options":[{"value":"none","label":{"en":"Normal case","fr":"Casse normale","de":"Normale Größe","es":"Formato normal","pt-PT":"Caixa normal"}},{"value":"lowercase","label":{"en":"Lowercase","fr":"Minuscules","de":"Kleinschrift","es":"Minúscula","pt-PT":"Letra minúscula"}},{"value":"uppercase","label":{"en":"Uppercase","fr":"Majuscules","de":"Großschrift","es":"Mayúscula","pt-PT":"Letra maiúscula"}}],"default":"none"},{"type":"range","id":"button_font_size","min":10,"max":21,"step":1,"unit":{"en":"px","de":"px","es":"px","fr":"px","pt-PT":"px"},"label":{"en":"Size","fr":"Taille","de":"Größe","es":"Tamaño","pt-PT":"Tamanho"},"default":12},{"type":"select","id":"button_font_style","label":{"en":"Style","de":"Stil","es":"Estilo","fr":"Style","pt-PT":"Estilo"},"options":[{"value":"normal","label":{"en":"Normal","de":"Normal","es":"Normal","fr":"Normal","pt-PT":"Normal"}},{"value":"bold","label":{"en":"Bold","de":"Fett","es":"Negrita","fr":"Gras","pt-PT":"Negrito"}},{"value":"italic","label":{"en":"Italic","de":"Kursiv","es":"Cursiva","fr":"Italique","pt-PT":"Itálico"}}],"default":"normal"},{"type":"header","content":{"en":"Product page titles","fr":"Titres de pages de produits","de":"Titel der Produktseiten","es":"Títulos de las páginas de productos","pt-PT":"Títulos de páginas de produtos"}},{"type":"range","id":"product_page_font_size","min":10,"max":72,"step":1,"unit":{"en":"px","de":"px","es":"px","fr":"px","pt-PT":"px"},"label":{"en":"Size","fr":"Taille","de":"Größe","es":"Tamaño","pt-PT":"Tamanho"},"default":22},{"type":"select","id":"product_page_font_case","label":{"en":"Menu case","fr":"Casse de menu","de":"Menügröße","es":"Formato del menú","pt-PT":"Caixa do menu"},"options":[{"value":"normal","label":{"en":"Normal case","fr":"Casse normale","de":"Normale Größe","es":"Formato normal","pt-PT":"Caixa normal"}},{"value":"lowercase","label":{"en":"Lowercase","fr":"Minuscules","de":"Kleinschrift","es":"Minúscula","pt-PT":"Letra minúscula"}},{"value":"uppercase","label":{"en":"Uppercase","fr":"Majuscules","de":"Großschrift","es":"Mayúscula","pt-PT":"Letra maiúscula"}}],"default":"normal"},{"type":"select","id":"product_page_font_style","label":{"en":"Style","de":"Stil","es":"Estilo","fr":"Style","pt-PT":"Estilo"},"options":[{"value":"light","label":{"en":"Light","de":"Licht","es":"Luz","fr":"Clair","pt-PT":"Claro"}},{"value":"normal","label":{"en":"Normal","de":"Normal","es":"Normal","fr":"Normal","pt-PT":"Normal"}},{"value":"bold","label":{"en":"Bold","de":"Fett","es":"Negrita","fr":"Gras","pt-PT":"Negrito"}}],"default":"normal"},{"type":"header","content":{"en":"Logo text","de":"Logo-Text","es":"Texto del logotipo","fr":"Texte du logo","pt-PT":"Texto do logótipo"}},{"type":"range","id":"logo_font_size","min":10,"max":72,"step":1,"unit":{"en":"px","de":"px","es":"px","fr":"px","pt-PT":"px"},"label":{"en":"Size","fr":"Taille","de":"Größe","es":"Tamaño","pt-PT":"Tamanho"},"default":18},{"type":"header","content":{"en":"Announcement Bar","de":"Ankündigungsleiste","es":"Barra de anuncios","fr":"Barre d'annonce","pt-PT":"Barra de Anúncios"}},{"type":"range","id":"announcement_text_size","min":10,"max":20,"step":1,"unit":{"en":"px","de":"px","es":"px","fr":"px","pt-PT":"px"},"label":{"en":"Size","fr":"Taille","de":"Größe","es":"Tamaño","pt-PT":"Tamanho"},"default":14},{"type":"range","id":"announcement_text_spacing","min":0,"max":5,"step":1,"unit":{"en":"px","de":"px","es":"px","fr":"px","pt-PT":"px"},"label":{"en":"Letter spacing","de":"Zeichenabstand","es":"Espaciado entre letras","fr":"Espacement des lettres","pt-PT":"Espaçamento entre letras"},"default":1},{"type":"select","id":"announcement_text_style","label":{"en":"Style","de":"Stil","es":"Estilo","fr":"Style","pt-PT":"Estilo"},"options":[{"value":"normal","label":{"en":"Normal","de":"Normal","es":"Normal","fr":"Normal","pt-PT":"Normal"}},{"value":"bold","label":{"en":"Bold","de":"Fett","es":"Negrita","fr":"Gras","pt-PT":"Negrito"}},{"value":"italic","label":{"en":"Italic","de":"Kursiv","es":"Cursiva","fr":"Italique","pt-PT":"Itálico"}}],"default":"normal"},{"type":"select","id":"announcement_text_case","label":{"en":"Case","de":"Hülle","es":"Mayúsculas\/Minúsculas","fr":"Boîtier","pt-PT":"Caixa"},"options":[{"value":"none","label":{"en":"Normal case","fr":"Casse normale","de":"Normale Größe","es":"Formato normal","pt-PT":"Caixa normal"}},{"value":"lowercase","label":{"en":"Lowercase","fr":"Minuscules","de":"Kleinschrift","es":"Minúscula","pt-PT":"Letra minúscula"}},{"value":"uppercase","label":{"en":"Uppercase","fr":"Majuscules","de":"Großschrift","es":"Mayúscula","pt-PT":"Letra maiúscula"}}],"default":"none"}]},{"name":{"en":"Cart","fr":"Panier","de":"Einkaufswagen","es":"Carrito","pt-PT":"Carrinho"},"settings":[{"type":"select","id":"ajax_cart_method","label":{"en":"Add to Cart action","de":"Aktion „Zum Einkaufswagen hinzufügen“","es":"Acción de Añadir al carrito","fr":"Action d'ajout au panier","pt-PT":"Ação Adicionar ao Carrinho"},"options":[{"value":"drawer","label":{"en":"Show drawer","de":"Schublade zeigen","es":"Mostrar cajón","fr":"Afficher le tiroir","pt-PT":"Mostrar gaveta"}},{"value":"added","label":{"en":"Show 'Added' message","de":"„Hinzugefügt“-Mitteilung zeigen","es":"Mostar el mensaje de «Añadido»","fr":"Afficher le message « Ajouté »","pt-PT":"Mostrar mensagem \"Adicionado\""}},{"value":"page","label":{"en":"Go to cart","de":"Zum Einkaufswagen gehen","es":"Ir al carrito","fr":"Aller au panier","pt-PT":"Ir para o carrinho"}}]},{"type":"checkbox","id":"cart_vendor_enable","label":{"en":"Show product vendor","de":"Produktanbieter anzeigen","es":"Mostrar el vendedor del producto","fr":"Afficher vendeur du produit","pt-PT":"Mostrar vendedor do produto"},"default":false},{"type":"checkbox","id":"cart_notes_enable","label":{"en":"Enable cart notes","fr":"Activer les commentaires du panier","de":"Aktiviere Einkaufswagen-Notizen","es":"Activar comentarios en carrito","pt-PT":"Ativar notas de carrinho"},"default":false},{"type":"checkbox","id":"enable-additional-checkout-buttons","label":{"en":"Enable dynamic checkout buttons","de":"Dynamische Checkout-Buttons aktivieren","es":"Habilitar los botones de compra dinámica","fr":"Activer les boutons de caisse dynamiques","pt-PT":"Ativar botões de checkout dinâmicos"},"info":{"en":"[Learn more](https:\/\/help.shopify.com\/en\/manual\/sell-online\/online-store\/dynamic-checkout)","de":"[Mehr erfahren](https:\/\/help.shopify.com\/en\/manual\/sell-online\/online-store\/dynamic-checkout)","es":"Aprenda más](https:\/\/help.shopify.com\/en\/manual\/sell-online\/online-store\/dynamic-checkout)","fr":"[En savoir plus] (https:\/\/help.shopify.com\/en\/manual\/sell-online\/online-store\/dynamic-checkout)","pt-PT":"[Saber mais](https:\/\/help.shopify.com\/en\/manual\/sell-online\/online-store\/dynamic-checkout)"},"default":true}]},{"name":{"en":"Social media","de":"Social Media","es":"Redes sociales","fr":"Médias sociaux","pt-PT":"Redes sociais"},"settings":[{"type":"header","content":{"en":"Social sharing image","de":"Bild für das Teilen in sozialen Netzwerken","es":"Imagen para compartir en redes sociales","fr":"Image de partage sur les réseaux sociaux","pt-PT":"Imagem de partilha social"}},{"type":"image_picker","id":"share_image","label":{"en":"Image","de":"Bild","es":"Imagen","fr":"Image","pt-PT":"Imagem"},"info":{"en":"Shown when sharing a link on social media when there is no feature image on the page. [Learn more](https:\/\/help.shopify.com\/manual\/using-themes\/troubleshooting\/showing-social-media-thumbnail-images\/) about image thumbnails.","de":"Wird angezeigt, wenn ein Link in sozialen Netzwerken geteilt wird und die Seite kein hervorgehobenes Bild hat. [Mehr erfahren](https:\/\/help.shopify.com\/manual\/using-themes\/troubleshooting\/showing-social-media-thumbnail-images\/) über Bild-Thumbnails.","es":"Es la que se muestra cuando se comparte un enlace en las redes sociales si no hay ninguna imagen destacada en la página. [Aprenda más sobre las miniaturas de las imágenes](https:\/\/help.shopify.com\/manual\/using-themes\/troubleshooting\/showing-social-media-thumbnail-images\/).","fr":"Affiché lors du partage d'un lien sur les réseaux sociaux lorsqu'il n'y a pas d'image en vedette sur la page. [En savoir plus] (https:\/\/help.shopify.com\/manual\/using-themes\/troubleshooting\/showing-social-media-thumbnail-images\/) à propos des vignettes d'images.","pt-PT":"Exibido ao partilhar um link nas redes sociais quando não existe imagem de recurso na página. [Saiba mais](https:\/\/help.shopify.com\/manual\/using-themes\/troubleshooting\/showing-social-media-thumbnail-images\/) sobre miniaturas de imagens."}},{"type":"header","content":{"en":"Accounts","fr":"Comptes","de":"Konten","es":"Cuentas","pt-PT":"Contas"}},{"type":"text","id":"sm_facebook_link","label":{"en":"Facebook","de":"Facebook","es":"Facebook","fr":"Facebook","pt-PT":"Facebook"},"info":{"en":"https:\/\/www.facebook.com\/shopify","fr":"https:\/\/www.facebook.com\/shopify","de":"https:\/\/www.facebook.com\/shopify","es":"https:\/\/www.facebook.com\/shopify","pt-PT":"https:\/\/www.facebook.com\/shopify"}},{"type":"text","id":"sm_twitter_link","label":{"en":"Twitter","de":"Twitter","es":"Twitter","fr":"Twitter","pt-PT":"Twitter"},"info":{"en":"https:\/\/twitter.com\/shopify","fr":"https:\/\/twitter.com\/shopify","de":"https:\/\/twitter.com\/shopify","es":"https:\/\/twitter.com\/shopify","pt-PT":"https:\/\/twitter.com\/shopify"}},{"type":"text","id":"sm_instagram_link","label":{"en":"Instagram","de":"Instagram","es":"Instagram","fr":"Instagram","pt-PT":"Instagram"},"info":{"en":"https:\/\/instagram.com\/shopify","fr":"https:\/\/instagram.com\/shopify","de":"https:\/\/instagram.com\/shopify","es":"https:\/\/instagram.com\/shopify","pt-PT":"https:\/\/instagram.com\/shopify"}},{"type":"text","id":"sm_tumblr_link","label":{"en":"Tumblr","fr":"Tumblr","de":"Tumblr","es":"Tumblr","pt-PT":"Tumblr"},"info":"https:\/\/shopify.tumblr.com\/"},{"type":"text","id":"sm_pinterest_link","label":{"en":"Pinterest","de":"Pinterest","es":"Pinterest","fr":"Pinterest","pt-PT":"Pinterest"},"info":{"en":"https:\/\/www.pinterest.com\/shopify","fr":"https:\/\/www.pinterest.com\/shopify","de":"https:\/\/www.pinterest.com\/shopify","es":"https:\/\/www.pinterest.com\/shopify","pt-PT":"https:\/\/www.pinterest.com\/shopify"}},{"type":"text","id":"sm_youtube_link","label":{"en":"YouTube","fr":"YouTube","de":"YouTube","es":"YouTube","pt-PT":"YouTube"},"info":{"en":"https:\/\/www.youtube.com\/user\/shopify","fr":"https:\/\/www.youtube.com\/user\/shopify","de":"https:\/\/www.youtube.com\/user\/shopify","es":"https:\/\/www.youtube.com\/user\/shopify","pt-PT":"https:\/\/www.youtube.com\/user\/shopify"}},{"type":"text","id":"sm_vimeo_link","label":{"en":"Vimeo","fr":"Vimeo","de":"Vimeo","es":"Vimeo","pt-PT":"Vimeo"},"info":{"en":"https:\/\/www.vimeo.com\/shopify","fr":"https:\/\/www.vimeo.com\/shopify","de":"https:\/\/www.vimeo.com\/shopify","es":"https:\/\/www.vimeo.com\/shopify","pt-PT":"https:\/\/www.vimeo.com\/shopify"}},{"type":"text","id":"sm_flickr_link","label":{"en":"Flickr","fr":"Flickr","de":"Flickr","es":"Flickr","pt-PT":"Flickr"},"info":{"en":"https:\/\/www.flickr.com\/photos\/shopify","fr":"https:\/\/www.flickr.com\/photos\/shopify","de":"https:\/\/www.flickr.com\/photos\/shopify","es":"https:\/\/www.flickr.com\/photos\/shopify","pt-PT":"https:\/\/www.flickr.com\/photos\/shopify"}},{"type":"text","id":"sm_snapchat_link","label":{"en":"Snapchat","fr":"Snapchat","de":"Snapchat","es":"Snapchat","pt-PT":"Snapchat"},"info":"https:\/\/www.snapchat.com\/add\/shopify"},{"type":"text","id":"sm_houzz_link","label":{"en":"Houzz","fr":"Houzz","de":"Houzz","es":"Houzz","pt-PT":"Houzz"},"info":"https:\/\/www.houzz.com\/shopify"},{"type":"text","id":"sm_linkedin_link","label":{"en":"LinkedIn","fr":"LinkedIn","de":"LinkedIn","es":"LinkedIn","pt-PT":"LinkedIn"},"info":{"en":"https:\/\/linkedin.com\/company\/shopify","fr":"https:\/\/linkedin.com\/company\/shopify","de":"https:\/\/linkedin.com\/company\/shopify","es":"https:\/\/linkedin.com\/company\/shopify","pt-PT":"https:\/\/linkedin.com\/company\/shopify"}},{"type":"text","id":"sm_google_plus_link","label":{"en":"Google+","de":"Google+","es":"Google+","fr":"Google+","pt-PT":"Google+"},"info":"https:\/\/plus.google.com\/+shopify"},{"type":"header","content":{"en":"Sharing","de":"Teilen","es":"Compartiendo","fr":"Partage","pt-PT":"A partilhar"}},{"type":"text","id":"social_sharing_title","label":{"en":"Heading","de":"Überschrift","es":"Encabezado","fr":"Rubrique","pt-PT":"Título"},"default":{"en":"Share","de":"Teilen","es":"Compartir","fr":"Partager","pt-PT":"Partilhar"}},{"type":"checkbox","id":"social_sharing_product","label":{"en":"Enable product sharing","de":"Teilen von Produkten aktivieren","es":"Permitir compartir productos","fr":"Activer le partage de produits","pt-PT":"Ativar a partilha de produtos"},"default":true},{"type":"checkbox","id":"social_sharing_blog","label":{"en":"Enable blog post sharing","de":"Teilen von Blogbeiträgen aktivieren","es":"Permitir compartir publicaciones del blog","fr":"Activer le partage de publications de blog","pt-PT":"Ativar a partilha de publicações no blog"},"default":true},{"type":"checkbox","id":"share_facebook","label":{"en":"Share on Facebook","de":"Auf Facebook teilen","es":"Compartir en Facebook","fr":"Partager sur Facebook","pt-PT":"Partilhar no Facebook"},"default":true},{"type":"checkbox","id":"share_twitter","label":{"en":"Tweet on Twitter","de":"Bei Twitter tweeten","es":"Escribir un tweet en Twitter","fr":"Tweeter sur Twitter","pt-PT":"Tweet no Twitter"},"default":true},{"type":"checkbox","id":"share_pinterest","label":{"en":"Pin on Pinterest","de":"Bei Pinterest pinnen","es":"Pin en Pinterest","fr":"Épingler sur Pinterest","pt-PT":"Pin no Pinterest"},"default":true}]},{"name":{"en":"Popup","fr":"Pop-up","de":"Popup","es":"Emergente","pt-PT":"Popup"},"settings":[{"type":"checkbox","id":"popup--enable","label":{"en":"Enable popup","de":"Popup aktivieren","es":"Permitir popup","fr":"Activer la fenêtre contextuelle","pt-PT":"Ativar popup"}},{"type":"select","id":"pop-up-time","label":{"en":"Days until popup is displayed again","fr":"Jours avant que le pop-up soit de nouveau affiché","de":"Tage bis dieses Popup wieder angezeigt wird","es":"Días que faltan para que el emergente aparezca nuevamente","pt-PT":"Dias até nova exibição da mensagem popup"},"options":[{"value":"7","label":{"en":"One week","fr":"Une semaine","de":"Eine Woche","es":"Una semana","pt-PT":"Uma semana"}},{"value":"14","label":{"en":"Two weeks","fr":"Deux semaines","de":"Zwei Wochen","es":"Dos semanas","pt-PT":"Duas semanas"}},{"value":"21","label":{"en":"Three weeks","fr":"Trois semaines","de":"Drei Wochen","es":"Tres semanas","pt-PT":"Três semanas"}},{"value":"28","label":{"en":"Four weeks","fr":"Quatre semaines","de":"Vier Wochen","es":"Cuatro semanas","pt-PT":"Quatro semanas"}}],"default":"7"},{"type":"image_picker","id":"popup-newsletter-top","label":{"en":"Image","de":"Bild","es":"Imagen","fr":"Image","pt-PT":"Imagem"},"info":{"en":"400 x 400px recommended","fr":"400 x 400 px recommandé","de":"400 x 400 px empfohlen","es":"Se recomienda 400 x 400 px","pt-PT":"400 x 400px recomendado"}},{"type":"text","id":"pop-up-text-header-text","label":{"en":"Heading text","fr":"Texte de titre","de":"Heading-Text","es":"Texto del encabezado","pt-PT":"Texto do cabeçalho"},"default":{"en":"Expand your Email List","de":"Bauen Sie Ihre E-Mailliste aus","es":"Amplia tu lista de correo electrónico","fr":"Élargissez votre liste de diffusion","pt-PT":"Aumente a sua lista de e-mails"}},{"type":"richtext","id":"pop-up-text-description-text","label":{"en":"Description text","de":"Beschreibungstext","es":"Texto de descripción","fr":"Texte de description","pt-PT":"Texto de descrição"},"default":{"en":"<p>Describe the benefits of your newsletter<\/p>","de":"<p>Beschreiben Sie die Vorteile Ihres Newsletters<\/p>","es":"<p>Describe las ventajas de tu boletín de noticias<\/p>","fr":"<p>Décrivez les avantages de votre newsletter<\/p>","pt-PT":"<p>Descreva os benefícios do seu boletim informativo<\/p>"}},{"type":"checkbox","id":"popup--show-social-icons","label":{"en":"Enable social icons","fr":"Activer les icônes de réseaux sociaux","de":"Aktiviere Buttons für Social Media","es":"Activar iconos de medios sociales","pt-PT":"Ativar ícones sociais"}},{"type":"checkbox","id":"popup--show-newsletter","label":{"en":"Enable newsletter signup","fr":"Activer l’inscription à une newsletter","de":"Aktiviere Newsletter-Anmeldung","es":"Activar la subscripción al boletín de noticias","pt-PT":"Ativar subscrição da newsletter"},"default":true},{"type":"radio","id":"desktop-popup-style","label":{"en":"Popup style","fr":"Style de pop-up","de":"Popup-Stil","es":"Formato del emergente","pt-PT":"Estilo popup"},"options":[{"value":"fullscreen","label":{"en":"Fullscreen","de":"Vollbild","es":"Pantalla completa","fr":"Plein écran","pt-PT":"Ecrã inteiro"}},{"value":"slide-up","label":{"en":"Bottom right","de":"Unten rechts","es":"Abajo derecha","fr":"En bas à droite","pt-PT":"Canto inferior direito"}}],"default":"fullscreen"},{"type":"range","id":"pop-up-delay","min":0,"max":15,"step":1,"unit":{"en":"sec","de":"Sek.","es":"seg","fr":"sec.","pt-PT":"seg"},"label":{"en":"Delay until popup appears","fr":"Attendre jusqu’à l’apparition du pop-up","de":"Verzögerung bis Popup erscheint","es":"Demorar hasta que aparezca el emergente","pt-PT":"Adiar até a mensagem popup aparecer"},"default":5},{"type":"header","content":{"en":"Test mode","de":"Testmodus","es":"Modo de prueba","fr":"Mode test","pt-PT":"Modo de teste"}},{"type":"checkbox","id":"popup--test-mode","label":{"en":"Enable","de":"Aktivieren","es":"Habilitar","fr":"Activer","pt-PT":"Ativar efeito de paralaxe"},"info":{"en":"Test mode forces the popup to show on every page, and should only be used for editing the popup. Ensure 'Test mode' is disabled when launching your store.","fr":"Le mode test impose l’affichage du pop-up sur chaque page et ne doit être utilisé qu’en phase d’édition. Assurez-vous d’avoir désactivé le mode test avant d’ouvrir votre boutique ","de":"Testmodus zwingt das Popup auf jeder Seite angezeigt zu werden und sollte nur benutzt werden, um das Popup zu bearbeiten. Stellen Sie sicher, dass 'Testmodus' deaktiviert ist, wenn Sie Ihren Store starten","es":"El modo de prueba fuerza la aparición del emergente en todas las páginas, y solo se puede usar para editar el emergente. Asegúrese de que el «Modo de prueba» está desactivado al lanzar la tienda.","pt-PT":"O modo de teste obriga o popup a exibir em todas as páginas e só deve ser utilizado para editar o popup. Certifique-se que o 'Modo de teste' está desativado quando lançar a sua loja."}}]},{"name":{"en":"Currency","fr":"Devise","de":"Währung","es":"Divisa","pt-PT":"Moeda"},"settings":[{"type":"checkbox","id":"show_multiple_currencies","label":{"en":"Enable currency conversion","de":"Währungsumrechnung aktivieren","es":"Habilitar la conversión de divisas","fr":"Activer la conversion de devises","pt-PT":"Ativar a conversão de moeda"},"default":false,"info":{"en":"Even though prices are displayed in different currencies, orders will still be processed in your store's currency.","fr":"Bien que les prix puissent être affichés dans différentes devises, les commandes seront traitées dans la devise de votre boutique.","de":"Obwohl Preise in verschiedenen Währungen angezeigt werden, werden Bestellungen dennoch in der Währung von Ihrem Geschäft durchgeführt.","es":"Aunque los precios se muestren en distintas divisas, los pedidos se procesarán en la divisa de su tienda.","pt-PT":"Apesar de os preços serem apresentados em diferentes moedas, os pedidos serão na mesma processados na moeda da sua loja."}},{"type":"select","id":"currency_format","label":{"en":"Format","fr":"Format","de":"Format","es":"Formato","pt-PT":"Formato"},"options":[{"value":"money_format","label":{"en":"Without currency ($10.00)","fr":"Sans devise ($10.00)","de":"Ohne Währung (10,00 $)","es":"Sin divisa (10,00 $)","pt-PT":"Sem moeda ($10.00)"}},{"value":"money_with_currency_format","label":{"en":"With currency ($10.00 CAD)","fr":"Avec devise ($10.00 CAD)","de":"Mit Währung (10,00 CAD)","es":"Con divisa (10,00 $ CAD)","pt-PT":"Com moeda ($10.00 CAD)"}}],"default":"money_format"},{"type":"text","id":"supported_currencies","label":{"en":"Supported currencies","fr":"Devises disponibles","de":"Unterstützte Währungen","es":"Divisas admitidas","pt-PT":"Moedas suportadas"},"default":{"en":"INR GBP CAD USD AUD EUR JPY","de":"INR GBP CAD USD AUD EUR JPY","es":"INR GBP CAD USD AUD EUR JPY","fr":"INR GBP CAD USD AUD EUR JPY","pt-PT":"INR GBP CAD USD AUD EUR JPY"},"info":{"en":"Use the country's ISO [currency code](http:\/\/www.xe.com\/iso4217.php). Separate your currency codes with a space.","fr":"Utilisez le [code de devise ISO du pays] (http:\/\/www.xe.com\/iso4217.php). Séparez vos codes de devises par un espace.","de":"Nutzen Sie die [ISO Ihres Landes] (http:\/\/www.xe.com\/iso4217.php). Trennen Sie Ihre Währungscodes mit einem Leerzeichen.","es":"Utilizar el ISO del país [código de divisa](http:\/\/www.xe.com\/iso4217.php). Separe los códigos de divisas con un espacio.","pt-PT":"Utilize o ISO do país [código de moeda](http:\/\/www.xe.com\/iso4217.php). Separe os seus códigos de moeda com um espaço."}},{"type":"text","id":"default_currency","label":{"en":"Default currency","fr":"Devise par défaut","de":"Default-Währung","es":"Divisa por defecto","pt-PT":"Moeda predefinida"},"default":{"en":"USD","de":"USD","es":"USD","fr":"USD","pt-PT":"USD"}}]},{"name":{"en":"Favicon","fr":"Favicon","de":"Favicon","es":"Favicón","pt-PT":"Favicon"},"settings":[{"type":"image_picker","id":"favicon","label":{"en":"Favicon image","fr":"Image de favicon","de":"Favicon-Bild","es":"Imagen del favicón","pt-PT":"Imagem do favicon"},"info":{"en":"Will be scaled down to 32 x 32px","fr":"Sera réduit en 32 x 32 px","de":"Wird herunterskaliert auf 32 x 32 px.","es":"Se reducirá a 32 x 32 px","pt-PT":"Será reduzido para 32 x 32px"}}]},{"name":{"en":"Animations","fr":"Animations","de":"Animationen","es":"Animaciones","pt-PT":"Animações"},"settings":[{"type":"checkbox","id":"animations_enabled","label":{"en":"Enable animations","fr":"Activer les animations","de":"Aktiviere Animationen","es":"Activar animaciones","pt-PT":"Ativar animações"},"default":true,"info":{"en":"Enable fade in animations for home page sections and collection pages","fr":"Activer l’effet de fondu pour les animations des rubriques de la page d’accueil et des pages de collections ","de":"Aktivieren Sie Verblassen bei Animationen für Homepage-Abschnitte und Kollektionsseiten.","es":"Activar el fundido de entrada de animaciones para la secciones de página de inicio y páginas de colecciones","pt-PT":"Ativar animações a desvanecer para secções da página principal e páginas de coleções"}},{"type":"checkbox","id":"page_fade_enabled","label":{"en":"Enable page fade transition","de":"Ein- bzw. Ausblenden beim Seitenübergang aktivieren","es":"Habilitar transición de fundido de página","fr":"Activer la transition de page en fondu","pt-PT":"Ativar transição de desvanecimento da página"},"default":true,"info":{"en":"Allow pages to fade in and out on load","de":"Aktiviert die Ein- bzw. Ausblendung beim Laden der Seiten","es":"Permite que las páginas aparezcan y desaparezcan con un fundido al cargar","fr":"Autoriser l'ouverture et la fermeture des pages en fondu","pt-PT":"Permitir que as páginas apareçam e desapareçam gradualmente ao carregar"}},{"type":"checkbox","id":"ken_burns_enabled","label":{"en":"Enable zoom effect","de":"Zoom-Effekt aktivieren","es":"Activar el efecto zum","fr":"Activer l'effet zoom","pt-PT":"Ativar efeito zoom"},"default":true,"info":{"en":"Enable a subtle zoom effect on selected homepage images when first loaded. [Learn more](https:\/\/flowdocs.wetheme.com\/theme-settings\/animations)","de":"Aktiviert einen subtilen Zoom-Effekt bei ausgewählten Homepage-Bildern, wenn diese zum ersten Mal geladen werden. [Mehr erfahren](https:\/\/flowdocs.wetheme.com\/theme-settings\/animations)","es":"Habilita un sutil efecto de zoom en las imágenes de la página de inicio seleccionadas al cargar por primera vez. [Saber más](https:\/\/flowdocs.wetheme.com\/theme-settings\/animations)","fr":"Activer un effet de zoom subtil sur les images de la page d’accueil sélectionnées lors du premier chargement. [En savoir plus](https:\/\/flowdocs.wetheme.com\/theme-settings\/animations)","pt-PT":"Ativar um efeito de zoom subtil nas imagens das páginas iniciais selecionadas aquando do primeiro carregamento. [Saiba mais](https:\/\/flowdocs.wetheme.com\/theme-settings\/animations)"}}]}]