{"current":{"color_body_text":"#333333","color_primary":"#333333","color_body_bg":"#fff","color_body_bg_secondary":"#f8f8f8","sale_badge_color":"#f26c4f","enable-sale-badge":true,"sold_out_badge_color":"#000000","enable-sold-out-badge":true,"cart_color":"#f68e56","sliderArrowColor":"#a4a4a4","color_primary_navigation":"#d5d5d5","color_primary_navigation_hover":"#ec8a28","color_secondary_navigation":"#d5d5d5","header-bg-color":"#2e2e2e","header-border-color":"rgba(0,0,0,0)","header-transparent-text":"#ffffff","header-transparent-background":"#2e2e2e","mobile-menu-bg":"#2e2e2e","mobile-menu-text":"#d5d5d5","mobile-menu-text-hover":"#ec8a28","color_primary_button_background":"#aaaaaa","color_primary_button_text":"#ffffff","color_primary_button_background_hover":"#9f9f9f","color_primary_button_text_hover":"#eeeeee","color_secondary_button_background":"#818181","color_secondary_button_text":"#ffffff","color_secondary_button_background_hover":"#4e4e4e","color_secondary_button_text_hover":"#ffffff","colorSchemeLightBackground":"#f1f2f3","colorSchemeLightText":"#414141","homepage-sections-accent-primary-color":"#c1c1c2","homepage-sections-accent-secondary-color":"#414141","colorSchemeDarkBackground":"#242424","colorSchemeDarkText":"#ffffff","hero-heading-colour":"#fff","hero-description-colour":"#fff","pop-up-text-background-colour":"#fff","pop-up-text-header-text-colour":"#000","cart-drawer-bg":"#fff","cart-drawer-text":"#6d6d6d","cart-drawer-text-hover":"#9f9f9f","color_footer_bg":"#2e2e2e","color_footer_text":"#d5d5d5","type_header_font":"baskerville_no_2_n4","header-text-size":28,"heading_spacing":1,"heading_font_case":"normal","heading_style":"dotted-line","heading_style_color":"#e1e1e1","type_base_font":"baskerville_no_2_n4","typography-body-font-size":14,"type_navigation_font":"caslon_bold_n4","header_font_size":14,"header_font_case":"normal","button_style":"square","button_text_case":"none","button_font_size":12,"button_font_style":"normal","product_page_font_size":22,"product_page_font_case":"normal","product_page_font_style":"normal","logo_font_size":18,"announcement_text_size":12,"announcement_text_spacing":1,"announcement_text_style":"normal","announcement_text_case":"none","ajax_cart_method":"drawer","cart_vendor_enable":false,"cart_notes_enable":false,"enable-additional-checkout-buttons":true,"share_image":"","sm_facebook_link":"https:\/\/www.facebook.com\/The-RuttshoesCo-106990517561472\/?eid=ARCji2innDROazD77Ln7SZTIEE-UGfKLNFRWSHrfhaTLD7uy3xPoA9KX24Ed8r-7QCqlKP7aZKxWZhGK","sm_twitter_link":"https:\/\/twitter.com\/RuttShoes","sm_instagram_link":"https:\/\/www.instagram.com\/rutt_shoes.official\/","sm_tumblr_link":"","sm_pinterest_link":"","sm_youtube_link":"","sm_vimeo_link":"","sm_flickr_link":"","sm_snapchat_link":"","sm_houzz_link":"","sm_linkedin_link":"","sm_google_plus_link":"","social_sharing_title":"シェアする","social_sharing_product":true,"social_sharing_blog":true,"share_facebook":true,"share_twitter":true,"share_pinterest":false,"popup--enable":false,"pop-up-time":"7","popup-newsletter-top":"","pop-up-text-header-text":"Expand your Email List","pop-up-text-description-text":"<p>Describe the benefits of your newsletter<\/p>","popup--show-social-icons":false,"popup--show-newsletter":true,"desktop-popup-style":"fullscreen","pop-up-delay":5,"popup--test-mode":false,"show_multiple_currencies":true,"currency_format":"money_format","supported_currencies":"JPY USD CNY","default_currency":"JPY","favicon":"shopify:\/\/shop_images\/theRUTT-LOGO12_aae3837e-d39a-4606-95f0-b37adb7ad208.png","animations_enabled":true,"page_fade_enabled":true,"ken_burns_enabled":true,"checkout_header_image":"","checkout_logo_image":"","checkout_logo_position":"left","checkout_logo_size":"medium","checkout_body_background_image":"","checkout_body_background_color":"#fff","checkout_input_background_color_mode":"white","checkout_sidebar_background_image":"","checkout_sidebar_background_color":"#fafafa","checkout_heading_font":"-apple-system, BlinkMacSystemFont, 'Segoe UI', Roboto, Helvetica, Arial, sans-serif, 'Apple Color Emoji', 'Segoe UI Emoji', 'Segoe UI Symbol'","checkout_body_font":"-apple-system, BlinkMacSystemFont, 'Segoe UI', Roboto, Helvetica, Arial, sans-serif, 'Apple Color Emoji', 'Segoe UI Emoji', 'Segoe UI Symbol'","checkout_accent_color":"#197bbd","checkout_button_color":"#197bbd","checkout_error_color":"#e32c2b","sections":{"announcement-bar":{"type":"announcement-bar","settings":{"enable_announcement_bar":true,"message_text":"","message_link":"","notification-bar--background-colour":"#2e2e2e","notification-bar--text-colour":"#ffffff","enable_social_icons":true}},"header":{"type":"header","settings":{"sticky_header":true,"logo":"shopify:\/\/shop_images\/theRUTT-LOGO12.png","logo_max_width":200,"logo_padding":0,"logo-placement":"left","mobile-menu-logo":true,"menu_logo_max_width":160,"label-enable":false,"cart-style":"shopping-cart","cart-number":"none","enable_search":false,"overlay_header_homepage":true,"overlay_header_collection":false,"overlay_header_list_collection":false,"overlay_header_contact":false,"overlay_logo":"","overlay_opacity":100,"enable_breadcrumbs":true,"main_linklist":"main-menu","dropdown_alignment":"left","enable_mega_menu":true}},"text-with-image-overlay":{"type":"image-with-text-overlay","settings":{"image":"shopify:\/\/shop_images\/1800x1200_95c2f0e5-8812-431c-b4d4-41932e5bd886.jpg","image_height":"original","bg_image_overlay_opacity":40,"parallax":true,"title":"Engrave the memory with shoes.","text":"<p>『 この靴と同じ記憶を刻む 』をコンセプトに、<br>浅草・靴職人の技術を融合させた靴ブランド<\/p>","colors":"white","textPosition":"left","textAlignment":"center","heading--text-size":16,"text--text-size":14,"button_label":"ABOUT","button_link":"shopify:\/\/pages\/story"}},"featured-products-2":{"type":"featured-products","settings":{"colors":"white","title":"Handsewn  Welted PRODUCTS","richtext":"","collection":"handsewn-welted-collection","grid-desktop":4,"grid-tablet":3,"grid-mobile":2,"rows":1,"quick_shop_enable":false,"hover-effect":true,"show-vendor":false,"show_view_all":true,"match-height":true,"show_reviews":false}},"feature-row-1":{"type":"feature-row","settings":{"colors":"white","image":"shopify:\/\/shop_images\/WPS0029.jpg","parallax":false,"text_overlapping_image":true,"layout":"left","text_alignment":"center","image_width":"large","image_height":"40vw","title":"Handsewn Welted COLLECTION","text":"<p>ラッドシューズの独自の視点と、<br>東京・浅草の靴職人の技術を融合させた<br>【 ハンドソーン・ウェルテッド製法 】<\/p>","button_label":"More","button_link":"shopify:\/\/pages\/about-handsewn-welted"}},"featured-products":{"type":"featured-products","settings":{"colors":"white","title":"Goodyear Welt PRODUCTS","richtext":"","collection":"goodyear-welt-collection","grid-desktop":4,"grid-tablet":3,"grid-mobile":2,"rows":1,"quick_shop_enable":false,"hover-effect":true,"show-vendor":false,"show_view_all":true,"match-height":true,"show_reviews":false}},"footer-newsletter":{"type":"footer-newsletter","settings":{"show_section":false,"colors":"white","newsletter_heading":"Join our Mailing List","newsletter_description":""}},"footer":{"type":"footer","blocks":{"1588256831603":{"type":"image","settings":{"image":"shopify:\/\/shop_images\/theRUTT-LOGO1_r_150x_a3823531-9918-4821-9f7c-3f1d416154c8.png","link":"","title":""}},"1588256828503":{"type":"social","settings":{"social_title":"follow"}},"footer-1":{"type":"menu","settings":{"menu_title":"Links","footer_linklist":"footer"}},"footer-2":{"type":"newsletter","settings":{"newsletter_title":"Newsletter","footer_newsletter_description":""}}},"block_order":["1588256831603","1588256828503","footer-1","footer-2"],"settings":{"footer_text":"","show_methods_of_payment":false,"alignment":"left"}},"page-contact-template":{"type":"page-contact-template","blocks":{"form-1":{"type":"text","settings":{"field-type":"text","form-field-label":"お名前","required":true}},"form-2":{"type":"text","settings":{"field-type":"email","form-field-label":"メールアドレス","required":true}},"form-3":{"type":"text","settings":{"field-type":"textbox","form-field-label":"質問・ご要望","required":true}}},"block_order":["form-1","form-2","form-3"],"settings":{"banner_image":"","banner-image-size":"20vh","parallax":true,"layout":"left","show-map":false,"height":"40vw","map_address":"","api_key":"","background_image":""}},"product-template":{"type":"product-template","settings":{"show_quantity_selector":true,"show_tags":false,"show_collections":false,"show_type":false,"show_vendor":false,"show_sku":false,"shipping_policy":true,"tax_included":true,"show_smart_checkout":true,"trust-badge":"","trust-badge_max_width":180,"show_discount":"value","description_position":"inline_bottom","enable_readmore":false,"enable_sticky":true,"enable_out_of_stock_form":false,"product_variant_style":"swatches","thumbnail_changes_variant":false,"image_size":"medium","image-display":"thumbnails","thumbnail_position":"below","enable_image_zoom":true,"enable_video_loop":false,"show_reviews":false,"enable_recently_viewed":true,"recently_viewed_title":"最近の閲覧","quick_shop_enable_recently_viewed":false,"recently_viewed_match_height":true}},"collection-template":{"type":"collection-template","settings":{"show-collection-image":false,"parallax":true,"collection-image-size":"30vh","collection-layout":"grid","show-collection-description":true,"tags_enable":false,"collection-show-sort-by":false,"sort-by-manual":true,"sort-by-price-ascending":true,"sort-by-price-descending":true,"sort-by-title-ascending":true,"sort-by-title-descending":true,"sort-by-created-ascending":true,"sort-by-created-descending":true,"sort-by-best-selling":true,"desktop-products-per-row":4,"tablet-products-per-row":3,"mobile-products-per-row":2,"collection-products-per-page":4,"pagination_options":"pagination_default","quick_shop_enable":false,"hover-effect":true,"show-vendor":false,"match-height":true,"show_reviews":false}},"1588255323616":{"type":"feature-row","settings":{"colors":"white","image":"shopify:\/\/shop_images\/2.jpg","parallax":false,"text_overlapping_image":true,"layout":"left","text_alignment":"center","image_width":"large","image_height":"40vw","title":"Goodyear Welt COLLECTION","text":"<p>工程ごとに、得意とするファクトリーに<br>分業で製靴するラッドシューズの<br>【グッドイヤー・ウェルト製法】<\/p>\n<p><\/p>","button_label":"More...","button_link":"shopify:\/\/pages\/goodyear-welt-collection"}},"blog-template":{"type":"blog-template","settings":{"show_author_name":false,"blog-sidebar-image":"","blog-sidebar-link":"","show_blog_tags":false,"show_recent_posts":true,"blog_show_date":false}},"product-recommendations":{"type":"product-recommendations","settings":{"show_product_recommendations":true,"product_recommendations_heading":"あなたへのおすすめ","quick_shop_enable":false,"match-height":true}},"1588415564980":{"type":"instafeed","settings":{"heading_font":"helvetica_n4","heading_size":20,"feed_width":100,"html_area":"<!-- -->"}},"page-template":{"type":"page-template","settings":{"page_width":"narrow","show_sidebar":false}},"1594952163312":{"type":"image-with-text-overlay","settings":{"image":"shopify:\/\/shop_images\/IMG_7556_395e86a4-f520-4a44-9835-7c47a8a9e91a.JPG","image_height":"40vw","bg_image_overlay_opacity":50,"parallax":true,"title":"RUTT-SHOES  ShowRoom","text":"<p><br>2-10-8 Hanakawado, Taito-ku, Tokyo.<br>Fri, 11am - 4pm<br>Sat, 11am - 4pm<\/p>","colors":"white","textPosition":"center","textAlignment":"center","heading--text-size":20,"text--text-size":14,"button_label":"map","button_link":"shopify:\/\/pages\/contact"}},"1595477053258":{"type":"slideshow","blocks":{"1595477053258-0":{"type":"image","settings":{"image":"shopify:\/\/shop_images\/8912d4f1a40f1c7a4b70f93d021d05a6_75b035dd-d63c-48b7-a750-a51eae038e0f.png","mobile_image":"shopify:\/\/shop_images\/1110x1110.png","title":"","text":"","button_label":"【 STORY 】","button_link":"shopify:\/\/pages\/新-aboutのコピー","caption-background":"rgba(0,0,0,0)","caption-text":"#333333","button-text":"#333333","button-background":"#eeeeee","captionHorizontal":"center","captionAlignment":"left"}}},"block_order":["1595477053258-0"],"settings":{"slider-animation":"slide","slider-width":"full-width","slider-slide-time":8,"caption-heading-size":30,"caption-subheading-size":22,"caption-button-size":14,"show-slide-dots":false,"show-slide-arrows":false}}},"content_for_index":["text-with-image-overlay","feature-row-1","featured-products-2","1588255323616","featured-products","1595477053258","1594952163312","1588415564980"]},"presets":{"Queenstown":{"color_body_text":"#333333","color_primary":"#333333","color_body_bg":"#fff","color_body_bg_secondary":"#f8f8f8","color_primary_navigation":"#373737","color_secondary_navigation":"#3f3f40","color_primary_button_background":"#3e3e3e","color_primary_button_text":"#ffffff","color_primary_button_background_hover":"#9f9f9f","color_primary_button_text_hover":"#eeeeee","color_footer_bg":"#f2f2f2","color_footer_text":"#636363","type_header_font":"neuzeit_office_soft_rounded_n7","type_base_font":"neuzeit_office_n4","type_navigation_font":"neuzeit_office_soft_rounded_n7","header-text-size":28,"typography-body-font-size":14,"header-bg-color":"#ffffff","header-border-color":"#ffffff","header_font_size":14,"show_multiple_currencies":true,"announcement_text_size":12,"announcement_text_spacing":1,"announcement_text_case":"none","sections":{"announcement-bar":{"type":"announcement-bar","settings":{"notification-bar--background-colour":"#242424","notification-bar--text-colour":"#ffffff"}},"header":{"type":"header","settings":{"logo_padding":15,"logo-placement":"center","label-enable":true}},"text-with-image-overlay":{"type":"image-with-text-overlay","settings":{"image_height":"50vw","parallax":true,"title":"Share your story","colors":"white","textPosition":"right","textAlignment":"right","button_label":"Shop now"}},"text-with-image-overlay-1":{"type":"image-with-text-overlay","settings":{"image_height":"30vw","parallax":true,"colors":"white","textPosition":"center","textAlignment":"center","button_label":"Shop now"}},"gallery":{"type":"image-bar","blocks":{"gallery-0":{"type":"image","settings":{"link":"shopify:\/\/collections\/all","title":"Title","description":"<p>Promote your best selling collections<\/p>"}},"gallery-1":{"type":"image","settings":{"link":"shopify:\/\/collections\/all","title":"Title","description":"<p>Promote your best selling collections<\/p>"}}},"block_order":["gallery-0","gallery-1"],"settings":{"colors":"white"}},"featured-products-2":{"type":"featured-products","settings":{"grid-desktop":4,"rows":1}},"feature-row-1":{"type":"feature-row","settings":{}},"featured-products":{"type":"featured-products","settings":{"grid-desktop":4,"rows":2}},"individual-product-1":{"type":"indiv-product","settings":{"title":""}},"featured-blog":{"type":"featured-blog","settings":{"post_limit":3}},"logo-bar":{"type":"logo-bar","blocks":{"logo_image-0":{"type":"logo_image","settings":{}},"logo_image-1":{"type":"logo_image","settings":{}},"logo_image-2":{"type":"logo_image","settings":{}},"logo_image-3":{"type":"logo_image","settings":{}}},"block_order":["logo_image-0","logo_image-1","logo_image-2","logo_image-3"],"settings":{"colors":"light"}},"testimonials":{"type":"testimonials","blocks":{"testimonials-0":{"type":"text","settings":{"testimonial_text":"<p>\"Show off incredible feedback from your customers\"<\/p>","customer_name":"John Doe","stars":5}},"testimonials-1":{"type":"text","settings":{"testimonial_text":"<p>\"Show off incredible feedback from your customers\"<\/p>","customer_name":"John Doe","stars":5}}},"block_order":["testimonials-0","testimonials-1"],"settings":{"colors":"white","circle_images":true,"title":"Testimonials"}},"text-adverts":{"type":"text-adverts","blocks":{"advert-0":{"type":"text","settings":{"heading":"Free Delivery Worldwide","subheading":"Click here for more info"}},"advert-1":{"type":"text","settings":{"heading":"Final Clearance Sale","subheading":"Up to 70% off"}},"advert-2":{"type":"text","settings":{"heading":"Browse Bestsellers","subheading":"What we do best"}}},"block_order":["advert-0","advert-1","advert-2"],"settings":{"colors":"accent"}},"footer-newsletter":{"type":"footer-newsletter","settings":{"show_section":true,"colors":"white"}},"footer":{"type":"footer","blocks":{"footer-0":{"type":"text","settings":{}},"footer-1":{"type":"menu","settings":{}},"footer-2":{"type":"newsletter","settings":{}}},"block_order":["footer-0","footer-1","footer-2"],"settings":{}},"page-contact-template":{"type":"page-contact-template","blocks":{"form-1":{"type":"text","settings":{"field-type":"text","form-field-label":"","required":false}},"form-2":{"type":"text","settings":{"field-type":"email","form-field-label":"","required":false}},"form-3":{"type":"text","settings":{"field-type":"textbox","form-field-label":"","required":false}}},"block_order":["form-1","form-2","form-3"],"settings":{}},"product-template":{"type":"product-template","settings":{"trust-badge_max_width":180,"show_discount":"value","description_position":"inline_top","image-display":"thumbnails"}},"collection-template":{"type":"collection-template","settings":{"collection-image-size":"30vh","tags_enable":false,"collection-show-sort-by":true,"sort-by-manual":true,"sort-by-price-ascending":true,"sort-by-price-descending":true,"sort-by-title-ascending":true,"sort-by-title-descending":true,"sort-by-created-ascending":true,"sort-by-created-descending":true,"sort-by-best-selling":true,"desktop-products-per-row":3,"tablet-products-per-row":2}}},"content_for_index":["text-with-image-overlay","gallery","featured-products-2","feature-row-1","featured-products","text-with-image-overlay-1","individual-product-1","featured-blog","logo-bar","testimonials","text-adverts"]},"Byron":{"color_body_text":"#212121","color_primary":"#212121","color_body_bg":"#ffffff","color_body_bg_secondary":"#f1f1f1","sale_badge_color":"#7a7a7a","enable-sale-badge":true,"sold_out_badge_color":"#212121","enable-sold-out-badge":true,"cart_color":"#212121","sliderArrowColor":"#212121","color_primary_navigation":"#212121","color_primary_navigation_hover":"#454545","color_secondary_navigation":"#212121","header-bg-color":"#ffffff","header-border-color":"#ffffff","header-transparent-text":"#ffffff","header-transparent-background":"#000","mobile-menu-bg":"#212121","mobile-menu-text":"#F5F5F5","mobile-menu-text-hover":"#ffffff","color_primary_button_background":"#212121","color_primary_button_text":"#ffffff","color_primary_button_background_hover":"#000000","color_primary_button_text_hover":"#ffffff","color_secondary_button_background":"#9e9e9e","color_secondary_button_text":"#ffffff","color_secondary_button_background_hover":"#ababab","color_secondary_button_text_hover":"#ffffff","colorSchemeLightBackground":"#f1f1f1","colorSchemeLightText":"#212121","homepage-sections-accent-primary-color":"#e3e5e7","homepage-sections-accent-secondary-color":"#212121","colorSchemeDarkBackground":"#212121","colorSchemeDarkText":"#ffffff","hero-heading-colour":"#ffffff","hero-description-colour":"#ffffff","pop-up-text-background-colour":"#212121","pop-up-text-header-text-colour":"#ffffff","cart-drawer-bg":"#ffffff","cart-drawer-text":"#212121","cart-drawer-text-hover":"#000000","color_footer_bg":"#ffffff","color_footer_text":"#212121","type_header_font":"poppins_n6","header-text-size":20,"heading_spacing":1,"heading_font_case":"uppercase","heading_style":"underline","heading_style_color":"#9e9e9e","type_base_font":"poppins_n4","typography-body-font-size":14,"type_navigation_font":"poppins_n6","header_font_size":12,"header_font_case":"uppercase","product_page_font_size":22,"announcement_text_size":12,"announcement_text_spacing":1,"announcement_text_style":"bold","ajax_cart_method":"drawer","cart_vendor_enable":true,"cart_notes_enable":true,"popup--enable":false,"popup--show-social-icons":false,"popup--show-newsletter":true,"show_multiple_currencies":true,"checkout_logo_position":"left","checkout_logo_size":"medium","checkout_body_background_color":"#fff","checkout_input_background_color_mode":"white","checkout_sidebar_background_color":"#292929","checkout_accent_color":"#000000","checkout_button_color":"#292929","checkout_error_color":"#212121","sections":{"announcement-bar":{"type":"announcement-bar","settings":{"message_text":"<p>ANNOUNCE SOMETHING HERE<\/p>","notification-bar--background-colour":"#212121","notification-bar--text-colour":"#ffffff"}},"header":{"type":"header","settings":{"logo_max_width":140,"logo_padding":15,"mobile-menu-logo":false,"overlay_header_homepage":true}},"footer-newsletter":{"type":"footer-newsletter","settings":{"show_section":true,"colors":"accent"}},"footer":{"type":"footer","blocks":{"footer-0":{"type":"text","settings":{}},"footer-1":{"type":"menu","settings":{}},"footer-2":{"type":"newsletter","settings":{}},"footer-3":{"type":"social","settings":{}}},"block_order":["footer-0","footer-1","footer-2","footer-3"],"settings":{"footer_text":"","show_methods_of_payment":false}},"page-contact-template":{"type":"page-contact-template","blocks":{"form-1":{"type":"text","settings":{"field-type":"text","form-field-label":"","required":false}},"form-2":{"type":"text","settings":{"field-type":"email","form-field-label":"","required":false}},"form-3":{"type":"text","settings":{"field-type":"textbox","form-field-label":"","required":false}}},"block_order":["form-1","form-2","form-3"],"settings":{"layout":"left"}},"product-template":{"type":"product-template","settings":{"trust-badge_max_width":180,"show_discount":"value","enable_out_of_stock_form":true,"image-display":"thumbnails","enable_image_zoom":true}},"collection-template":{"type":"collection-template","settings":{"show-collection-image":false,"collection-image-size":"30vh","desktop-products-per-row":3,"collection-products-per-page":3,"pagination_options":"pagination_load_more","hover-effect":true}},"blog-template":{"type":"blog-template","settings":{"show_author_name":true,"blog-sidebar-image":"","blog-sidebar-link":"","show_blog_tags":false,"show_recent_posts":true,"blog_show_date":true}},"page-template":{"type":"page-template","settings":{}},"slideshow":{"type":"slideshow","blocks":{"slider-0":{"type":"image","settings":{"title":"Share your story","button_label":"Shop All","button_link":"shopify:\/\/collections\/all","caption-background":"rgba(0,0,0,0)","caption-text":"#ffffff","button-text":"#ffffff","button-background":"#292929"}},"slider-1":{"type":"image","settings":{"title":"Share your story","button_label":"Shop All","button_link":"shopify:\/\/collections\/all","caption-background":"rgba(0,0,0,0)","caption-text":"#ffffff","button-text":"#ffffff","button-background":"#292929"}}},"block_order":["slider-0","slider-1"],"settings":{"slider-slide-time":8,"show-slide-dots":true,"show-slide-arrows":false}},"text-adverts":{"type":"text-adverts","blocks":{"text-advert-0":{"type":"text","settings":{"heading":"Free shipping","subheading":"Shout about your unique selling points"}},"text-advert-1":{"type":"text","settings":{"heading":"Hassle free returns","subheading":"Shout about your unique selling points"}},"text-advert-2":{"type":"text","settings":{"heading":"Eco friendly packaging","subheading":"Shout about your unique selling points"}}},"block_order":["text-advert-0","text-advert-1","text-advert-2"],"settings":{"colors":"light"}},"featured-products":{"type":"featured-products","settings":{"rows":1,"hover-effect":true}},"featured-products-2":{"type":"featured-products","settings":{"rows":2,"hover-effect":true}},"feature-row":{"type":"feature-row","settings":{"text_alignment":"left","button_label":"Read more","button_link":"shopify:\/\/collections\/all"}},"testimonials":{"type":"testimonials","blocks":{"testimonial-0":{"type":"text","settings":{"testimonial_text":"<p>\"Show off incredible feedback from your customers\"<\/p>","customer_name":"John Doe","stars":5}},"testimonial-1":{"type":"text","settings":{"testimonial_text":"<p>\"Show off incredible feedback from your customers\"<\/p>","customer_name":"John Doe","stars":5}},"testimonial-2":{"type":"text","settings":{"testimonial_text":"<p>\"Show off incredible feedback from your customers\"<\/p>","customer_name":"John Doe","stars":5}}},"block_order":["testimonial-0","testimonial-1","testimonial-2"],"settings":{"colors":"light"}},"collection-list":{"type":"collection-list","blocks":{"collection-list-0":{"type":"featured_collection","settings":{}},"collection-list-1":{"type":"featured_collection","settings":{}},"collection-list-2":{"type":"featured_collection","settings":{}}},"block_order":["collection-list-0","collection-list-1","collection-list-2"],"settings":{"colors":"white","richtext":""}},"logo-bar":{"type":"logo-bar","blocks":{"logo-bar-1":{"type":"logo_image","settings":{}},"logo-bar-2":{"type":"logo_image","settings":{}},"logo-bar-3":{"type":"logo_image","settings":{}},"logo-bar-4":{"type":"logo_image","settings":{}}},"block_order":["logo-bar-1","logo-bar-2","logo-bar-3","logo-bar-4"],"settings":{}},"featured-blog":{"type":"featured-blog","settings":{"post_limit":2,"blog_show_date":true}},"featured-product":{"type":"indiv-product","settings":{}},"rich-text":{"type":"rich-text","settings":{"title":"Share your story"}},"image-bar":{"type":"image-bar","blocks":{"image-bar-0":{"type":"image","settings":{"description":"<p>Tell us more about your image<\/p>"}},"image-bar-1":{"type":"image","settings":{"description":"<p>Tell us more about your image<\/p>"}},"image-bar-2":{"type":"image","settings":{"description":"<p>Tell us more about your image<\/p>"}}},"block_order":["image-bar-0","image-bar-1","image-bar-2"],"settings":{"colors":"white"}},"image-with-text-overlay":{"type":"image-with-text-overlay","settings":{"image_height":"30vw","bg_image_overlay_opacity":25,"title":"","text":"","colors":"accent"}}},"content_for_index":["slideshow","text-adverts","featured-products","collection-list","featured-products-2","testimonials","logo-bar","feature-row","featured-blog","featured-product","rich-text","image-bar","image-with-text-overlay"]},"Cannes":{"color_body_text":"#000000","color_primary":"#000000","color_body_bg":"#ffffff","color_body_bg_secondary":"#f3f3f3","color_primary_button_background":"#000000","color_primary_button_text":"#ffffff","color_primary_button_background_hover":"#282828","color_primary_button_text_hover":"#ffffff","color_footer_bg":"#ffffff","color_footer_text":"#636363","type_header_font":"madera_n4","type_base_font":"avenir_next_n4","type_navigation_font":"madera_n4","header-text-size":22,"typography-body-font-size":16,"header_font_size":15,"color_primary_navigation":"#000000","color_primary_navigation_hover":"#bfbfbf","color_secondary_navigation":"#000000","header-bg-color":"#ffffff","header-border-color":"#ffffff","hero-heading-colour":"#ffffff","hero-description-colour":"#ffffff","sale_badge_color":"#000000","button_style":"square","button_text_case":"uppercase","button_font_size":12,"button_font_style":"bold","show_multiple_currencies":true,"heading_style":"underline","pop-up-text-background-colour":"#242424","pop-up-text-header-text-colour":"#fff","popup--enable":true,"desktop-popup-style":"slide-up","announcement_text_size":12,"announcement_text_spacing":1,"announcement_text_style":"normal","announcement_text_case":"normal","ajax_cart_method":"added","sections":{"announcement-bar":{"type":"announcement-bar","settings":{"notification-bar--background-colour":"#f1f2f3"}},"header":{"type":"header","settings":{"logo_padding":30,"logo-placement":"left","overlay_header_homepage":false}},"home-hero":{"type":"home-hero","blocks":{"text-0":{"type":"text","settings":{}},"text-1":{"type":"text","settings":{}}},"block_order":["text-0","text-1"],"settings":{"image_overlay_opacity":20,"homepage-hero-image-heading":"Share your story","homepage-hero-image-description":"Here's your chance to make a great first impression","homepage-hero-image-button-label":"Shop all","homepage-hero-image-link":"\/collections\/all"}},"featured-products":{"type":"featured-products","settings":{"rows":1,"hover-effect":true}},"collection-list":{"type":"collection-list","blocks":{"collection-0":{"type":"featured_collection","settings":{"collection":""}},"collection-1":{"type":"featured_collection","settings":{"collection":""}},"collection-2":{"type":"featured_collection","settings":{"collection":""}}},"block_order":["collection-0","collection-1","collection-2"],"settings":{"colors":"white","title":""}},"newsletter":{"type":"newsletter","settings":{"colors":"dark"}},"feature-row":{"type":"feature-row","settings":{"parallax":true,"text_overlapping_image":false,"text_alignment":"center","button_label":"Shop now","button_link":"\/collections\/all"}},"feature-row-1":{"type":"feature-row","settings":{"parallax":true,"text_overlapping_image":false,"layout":"right","text_alignment":"center","button_label":"Shop now","button_link":"\/collections\/all"}},"indiv-product-1":{"type":"indiv-product","settings":{}},"featured-blog":{"type":"featured-blog","settings":{"colors":"white"}},"testimonials":{"type":"testimonials","blocks":{"testimonial":{"type":"text","settings":{"testimonial_text":"<p>\"Show off incredible feedback from your customers\"<\/p>","customer_name":"John Doe","stars":5}}},"block_order":["testimonial"],"settings":{"colors":"accent","title":""}},"footer":{"type":"footer","blocks":{"footer-0":{"type":"text","settings":{}},"footer-1":{"type":"menu","settings":{}},"footer-2":{"type":"newsletter","settings":{}},"footer-3":{"type":"social","settings":{}}},"block_order":["footer-0","footer-1","footer-2","footer-3"],"settings":{}},"collection-template":{"type":"collection-template","settings":{"show-collection-image":false,"parallax":false,"collection-layout":"sidebar","collection-show-sort-by":true,"sort-by-manual":true,"sort-by-price-ascending":true,"sort-by-price-descending":true,"sort-by-title-ascending":true,"sort-by-title-descending":true,"sort-by-created-ascending":true,"sort-by-created-descending":true,"sort-by-best-selling":true,"desktop-products-per-row":3,"tablet-products-per-row":2,"mobile-products-per-row":1}},"product-template":{"type":"product-template","settings":{"trust-badge_max_width":240,"description_position":"inline_top","enable_readmore":true,"image_size":"large","enable_recently_viewed":true}},"page-contact-template":{"type":"page-contact-template","blocks":{"formfield-1":{"type":"text","settings":{"field-type":"text","form-field-label":"Name","required":false}},"formfield-2":{"type":"text","settings":{"field-type":"email","form-field-label":"Email","required":false}},"formfield-3":{"type":"text","settings":{"field-type":"textbox","form-field-label":"Message","required":false}}},"block_order":["formfield-1","formfield-2","formfield-3"],"settings":{"parallax":false,"layout":"right","show-map":false}}},"content_for_index":["home-hero","featured-products","collection-list","newsletter","feature-row","feature-row-1","indiv-product-1","featured-blog","testimonials"]}}}