{"current":{"checkout_header_image":"","checkout_logo_image":"","checkout_logo_position":"left","checkout_logo_size":"medium","checkout_body_background_image":"","checkout_body_background_color":"#fff","checkout_input_background_color_mode":"white","checkout_sidebar_background_image":"","checkout_sidebar_background_color":"#fafafa","checkout_heading_font":"Helvetica Neue","checkout_body_font":"Helvetica Neue","checkout_accent_color":"#E37648","checkout_button_color":"#f4a482","checkout_error_color":"#585e71","color_announcement_bg":"#f7f7f7","color_announcement_text":"#656565","color_header_bg":"#ffffff","color_header_text":"#656565","color_nav_border":"#f7f7f7","color_body_bg":"#ffffff","color_body_text":"#656565","color_primary":"#f4a482","color_secondary":"#585e71","color_bg_light":"#f7f7f7","color_bg_inverse":"#2e3438","color_text_inverse":"#ffffff","color_primary_inverse":"#fcd8c8","color_secondary_inverse":"#c6dae5","color_bg_accent_inverse":"#222324","product_background_color":"#ffffff","color_footer_bg":"#ffffff","color_footer_text":"#656565","type_header_font":"ovo_n4","type_heading_size":100,"font_title_capitalize":false,"type_accent_font":"itc_johnston_n5","type_accent_size":100,"type_base_font":"harmonia_sans_n4","type_body_size":100,"animations_enable":true,"parallax_enable":true,"button_radius":0,"collection_text_alignment":"text-center","product_grid_style":"hover","image_hover_enable":true,"image_autoheight_enable":true,"product_grid_aspect_ratio":1,"swatches_enable":true,"tag_sellout":false,"tag_sale":true,"tag_new":false,"tag_new_limit":14,"social_twitter_link":"","social_facebook_link":"","social_instagram_link":"","social_pinterest_link":"","social_youtube_link":"","social_vimeo_link":"","social_tumblr_link":"","social_medium_link":"","social_snapchat_link":"","share_enable_facebook":false,"share_enable_pinterest":false,"share_enable_twitter":false,"favicon":"","sections":{"header":{"type":"header","settings":{"main_menu_linklist":"main-menu"}},"footer":{"type":"footer","blocks":{"linklist":{"type":"linklist","settings":{"linklist":"main-menu"}},"text":{"type":"text","settings":{}},"newsletter":{"type":"newsletter","settings":{}}},"block_order":["linklist","text","newsletter"],"settings":{}},"product":{"type":"product","settings":{}},"collection":{"type":"collection","settings":{}},"blog":{"type":"blog","settings":{}},"article":{"type":"article","settings":{}},"index-product":{"type":"index-product","settings":{}},"index-collection":{"type":"index-collection","settings":{}},"index-video":{"type":"index-video","settings":{}},"index-collection-grid":{"type":"index-collection-grid","blocks":{"index-collection-grid-1":{"type":"featured_collection","settings":{}},"index-collection-grid-2":{"type":"featured_collection","settings":{}}},"block_order":["index-collection-grid-1","index-collection-grid-2"],"settings":{}},"index-double":{"type":"index-double","blocks":{"index-double-0":{"type":"image","settings":{}},"index-double-1":{"type":"text","settings":{}}},"block_order":["index-double-0","index-double-1"],"settings":{}},"index-columns":{"type":"index-columns","blocks":{"index-columns-0":{"type":"text_block","settings":{}},"index-columns-1":{"type":"text_block","settings":{}},"index-columns-2":{"type":"text_block","settings":{}}},"block_order":["index-columns-0","index-columns-1","index-columns-2"],"settings":{}},"index-slideshow":{"type":"index-slideshow","blocks":{"index-slideshow-0":{"type":"image","settings":{}},"index-slideshow-1":{"type":"image","settings":{}}},"block_order":["index-slideshow-0","index-slideshow-1"],"settings":{}},"index-blog":{"type":"index-blog","settings":{"homepage_blog":"news"}},"index-logos":{"type":"index-logos","blocks":{"index-logos-0":{"type":"logo_image","settings":{}},"index-logos-1":{"type":"logo_image","settings":{}},"index-logos-2":{"type":"logo_image","settings":{}},"index-logos-3":{"type":"logo_image","settings":{}},"index-logos-4":{"type":"logo_image","settings":{}}},"block_order":["index-logos-0","index-logos-1","index-logos-2","index-logos-3","index-logos-4"],"settings":{"title":""}},"index-map":{"type":"index-map","settings":{"image":""}}},"content_for_index":["index-video","index-collection-grid","index-double","index-map","index-collection","index-columns","index-slideshow","index-logos","index-blog"],"color_account_bg":"#f3f3f3","color_account_text":"#656565","color_splash":"#f4a482","color_border":"#dddddd","homepage_background_light":"#f7f7f7","homepage_background_dark":"#2e3438","product_slideshow_arrows":"#cccccc","color_footer_social_link":"#a9a9a9","padding":32,"checkout_use_body_background_image":false},"presets":{"Light":{"color_announcement_bg":"#f7f7f7","color_announcement_text":"#656565","color_header_bg":"#ffffff","color_header_text":"#656565","color_nav_border":"#f7f7f7","color_body_bg":"#ffffff","color_body_text":"#656565","color_primary":"#f4a482","color_secondary":"#585e71","color_bg_light":"#f7f7f7","color_bg_inverse":"#2e3438","color_text_inverse":"#ffffff","color_primary_inverse":"#fcd8c8","color_secondary_inverse":"#c6dae5","color_bg_accent_inverse":"#222324","product_background_color":"#ffffff","color_footer_bg":"#ffffff","color_footer_text":"#656565","color_account_bg":"#f3f3f3","color_account_text":"#656565","color_splash":"#f4a482","color_border":"#dddddd","homepage_background_light":"#f7f7f7","homepage_background_dark":"#2e3438","product_slideshow_arrows":"#cccccc","color_footer_social_link":"#a9a9a9","type_header_font":"ovo_n4","type_heading_size":100,"font_title_capitalize":false,"type_accent_font":"itc_johnston_n5","type_accent_size":100,"type_base_font":"harmonia_sans_n4","type_body_size":100,"animations_enable":true,"parallax_enable":true,"padding":32,"button_radius":0,"collection_text_alignment":"text-center","product_grid_style":"hover","image_hover_enable":true,"image_autoheight_enable":true,"product_grid_aspect_ratio":1,"swatches_enable":true,"tag_sellout":false,"tag_sale":true,"tag_new":false,"tag_new_limit":14,"checkout_use_body_background_image":false,"checkout_body_background_color":"#fff","checkout_input_background_color_mode":"white","checkout_sidebar_background_color":"#fafafa","checkout_heading_font":"Helvetica Neue","checkout_body_font":"Helvetica Neue","checkout_accent_color":"#E37648","checkout_button_color":"#f4a482","checkout_error_color":"#585e71"},"Bright":{"color_announcement_bg":"#333333","color_announcement_text":"#ffffff","color_header_bg":"#ffffff","color_header_text":"#333333","color_nav_border":"#ededed","color_body_bg":"#ffffff","color_body_text":"#000000","color_primary":"#1391a4","color_secondary":"#285056","color_bg_inverse":"#333333","color_primary_inverse":"#70ccda","color_secondary_inverse":"#497178","color_bg_accent_inverse":"#000810","product_background_color":"#fcfcfc","color_footer_bg":"#f7f7f7","color_footer_text":"#333333","type_header_font":"bembo_book_n7","type_heading_size":100,"font_title_capitalize":false,"type_accent_font":"avenir_next_n5","type_accent_size":100,"type_base_font":"avenir_next_n4","type_body_size":100,"collection_text_alignment":"text-center","product_grid_style":"hover","checkout_use_body_background_image":false,"checkout_body_background_color":"#fff","checkout_input_background_color_mode":"white","checkout_sidebar_background_color":"#fafafa","checkout_heading_font":"Helvetica Neue","checkout_body_font":"Helvetica Neue","checkout_accent_color":"#1391a4","checkout_button_color":"#1391a4","checkout_error_color":"#DE7878"},"Dark":{"color_announcement_bg":"#212121","color_announcement_text":"#d4d4d4","color_header_bg":"#353535","color_header_text":"#ffffff","color_nav_border":"#000000","color_body_bg":"#ffffff","color_body_text":"#3c3c3c","color_primary":"#C73535","color_secondary":"#000000","color_bg_light":"#f7f7f7","color_bg_inverse":"#2e3438","color_text_inverse":"#e6e6e6","color_primary_inverse":"#e3baba","color_secondary_inverse":"#ffffff","color_bg_accent_inverse":"#222324","product_background_color":"#ffffff","color_footer_bg":"#383838","color_footer_text":"#e3e3e3","type_header_font":"basic_commercial_n7","type_heading_size":100,"font_title_capitalize":false,"type_accent_font":"karla_n4","type_accent_size":115,"type_base_font":"basic_commercial_n4","type_body_size":125,"collection_text_alignment":"text-center","product_grid_style":"under","checkout_use_body_background_image":false,"checkout_body_background_color":"#fff","checkout_input_background_color_mode":"white","checkout_sidebar_background_color":"#fafafa","checkout_heading_font":"Open Sans","checkout_body_font":"Open Sans","checkout_accent_color":"#8b1e1e","checkout_button_color":"#e73131","checkout_error_color":"#ff862b"}}}