{
  "current": {
    "checkout_logo_position": "center",
    "checkout_logo_size": "small",
    "checkout_body_background_color": "#ffffff",
    "checkout_input_background_color_mode": "white",
    "checkout_sidebar_background_color": "#efefef",
    "checkout_accent_color": "#1c1b1b",
    "checkout_button_color": "#1c1b1b",
    "heading_color": "#1c1b1b",
    "text_color": "#1c1b1b",
    "text_light_color": "#6a6a6a",
    "link_color": "#6a6a6a",
    "background": "#efefef",
    "light_background": "#ffffff",
    "product_on_sale_color": "#f94c43",
    "button_background": "#1c1b1b",
    "button_text_color": "#ffffff",
    "header_background": "#ffffff",
    "header_heading_color": "#1c1b1b",
    "header_light_color": "#6a6a6a",
    "footer_background": "#ffffff",
    "footer_heading_color": "#1c1b1b",
    "footer_text_color": "#6a6a6a",
    "newsletter_popup_background": "#1c1b1b",
    "newsletter_popup_text_color": "#ffffff",
    "secondary_elements_background": "#1c1b1b",
    "secondary_elements_text_color": "#ffffff",
    "navigation_background": "#1c1b1b",
    "navigation_text_color": "#ffffff",
    "heading_font": "montserrat_n5",
    "heading_size": "small",
    "uppercase_heading": true,
    "text_font": "nunito_sans_n4",
    "base_text_font_size": 14,
    "show_page_transition": false,
    "search_mode": "product,article",
    "product_show_price_on_hover": false,
    "product_show_secondary_image": false,
    "product_info_alignment": "center",
    "product_image_size": "natural",
    "product_list_horizontal_spacing": "medium",
    "product_list_vertical_spacing": "small",
    "cart_type": "drawer",
    "cart_enable_notes": true,
    "cart_show_free_shipping_threshold": false,
    "cart_free_shipping_threshold": "50",
    "sections": {
      "sidebar-menu": {
        "type": "sidebar-menu",
        "settings": {
          "primary_menu": "main-menu",
          "show_social_media": true
        }
      },
      "announcement": {
        "type": "announcement",
        "settings": {
          "background": "#000000",
          "text_color": "#ffffff",
          "content": "Announce something here"
        }
      },
      "header": {
        "type": "header",
        "settings": {
          "use_sticky_header": true,
          "logo_max_width": 140,
          "navigation_menu": "main-menu",
          "navigation_style": "inline",
          "enable_transparent_header": true,
          "transparent_text_color": "#ffffff"
        }
      },
      "footer": {
        "type": "footer",
        "blocks": {
          "footer-0": {
            "type": "text",
            "settings": {
              "title": "About the shop",
              "content": "<p>Use this text area to tell your customers about your brand and vision. You can change it in the theme settings.<\/p>",
              "show_social_media": true
            }
          },
          "footer-1": {
            "type": "links",
            "settings": {
              "menu": "footer"
            }
          },
          "footer-2": {
            "type": "newsletter",
            "settings": {
              "title": "Newsletter",
              "content": "<p>Subscribe to receive updates, access to exclusive deals, and more.<\/p>"
            }
          }
        },
        "block_order": [
          "footer-0",
          "footer-1",
          "footer-2"
        ],
        "settings": {
          "show_payment_methods": true
        }
      },
      "slideshow": {
        "type": "slideshow",
        "blocks": {
          "slide-0": {
            "type": "image",
            "settings": {
              "apply_overlay": true,
              "content_position": "bottomLeft",
              "subheading": "Slide title",
              "title": "Tell your story"
            }
          },
          "slide-1": {
            "type": "image",
            "settings": {
              "apply_overlay": true,
              "content_position": "bottomLeft",
              "subheading": "Slide title",
              "title": "Tell your story"
            }
          }
        },
        "block_order": [
          "slide-0",
          "slide-1"
        ],
        "settings": {
          "show_fullscreen": true,
          "show_arrow": false,
          "autoplay": true,
          "cycle_speed": 5,
          "text_color": "#ffffff",
          "button_color": "#363636"
        }
      },
      "featured-collections": {
        "type": "featured-collections",
        "blocks": {
          "featured-collection-0": {
            "type": "collection",
            "settings": {
              "grid_items_count": 8,
              "button_text": "View all products"
            }
          }
        },
        "block_order": [
          "featured-collection-0"
        ],
        "settings": {
          "title": "Featured collection",
          "layout_mode": "grid",
          "show_product_info": true,
          "grid_mobile_items_per_row": "2",
          "grid_desktop_items_per_row": 4
        }
      },
      "collection-list": {
        "type": "collection-list",
        "blocks": {
          "collection-0": {
            "type": "collection",
            "settings": {
              "image_alignment": "center center",
              "subheading": "Sub-heading",
              "button_text": "View products",
              "apply_overlay": true
            }
          },
          "collection-1": {
            "type": "collection",
            "settings": {
              "image_alignment": "center center",
              "subheading": "Sub-heading",
              "button_text": "View products",
              "apply_overlay": true
            }
          },
          "collection-2": {
            "type": "collection",
            "settings": {
              "image_alignment": "center center",
              "subheading": "Sub-heading",
              "button_text": "View products",
              "apply_overlay": true
            }
          }
        },
        "block_order": [
          "collection-0",
          "collection-1",
          "collection-2"
        ],
        "settings": {
          "add_spacing": true,
          "expand_collection": false,
          "text_color": "#ffffff",
          "button_color": "#363636"
        }
      },
      "featured-product": {
        "type": "featured-product",
        "settings": {
          "title": "Featured product",
          "show_vendor": true,
          "show_description": true,
          "show_color_swatch": false,
          "show_color_carousel": false,
          "show_quantity_selector": true,
          "show_inventory_quantity": false,
          "inventory_quantity_threshold": 3
        }
      },
      "timeline": {
        "type": "timeline",
        "blocks": {
          "item-0": {
            "type": "item",
            "settings": {
              "apply_overlay": true,
              "title": "2000",
              "subheading": "Sub-heading",
              "heading": "Heading",
              "content": "<p>Add your own custom content to give more information about your store, availability details...<\/p>"
            }
          },
          "item-1": {
            "type": "item",
            "settings": {
              "apply_overlay": true,
              "title": "2001",
              "subheading": "Sub-heading",
              "heading": "Heading",
              "content": "<p>Add your own custom content to give more information about your store, availability details...<\/p>"
            }
          },
          "item-2": {
            "type": "item",
            "settings": {
              "apply_overlay": true,
              "title": "2002",
              "subheading": "Sub-heading",
              "heading": "Heading",
              "content": "<p>Add your own custom content to give more information about your store, availability details...<\/p>"
            }
          }
        },
        "block_order": [
          "item-0",
          "item-1",
          "item-2"
        ],
        "settings": {
          "text_color": "#ffffff"
        }
      },
      "blog-posts": {
        "type": "blog-posts",
        "blocks": {
          "blog-0": {
            "type": "blog",
            "settings": {
              "blog": "news"
            }
          }
        },
        "block_order": [
          "blog-0"
        ],
        "settings": {
          "title": "Featured article",
          "show_category": false,
          "button_text": "View all articles"
        }
      },
      "shop-the-look": {
        "type": "shop-the-look",
        "blocks": {
          "look-0": {
            "type": "look",
            "settings": {
              "dot_style": "light",
              "product_1_horizontal_position": 30,
              "product_1_vertical_position": 40,
              "product_2_horizontal_position": 45,
              "product_2_vertical_position": 65,
              "product_3_horizontal_position": 70,
              "product_3_vertical_position": 50
            }
          },
          "look-1": {
            "type": "look",
            "settings": {
              "dot_style": "light",
              "product_1_horizontal_position": 25,
              "product_1_vertical_position": 45,
              "product_2_horizontal_position": 55,
              "product_2_vertical_position": 30,
              "product_3_horizontal_position": 65,
              "product_3_vertical_position": 60
            }
          }
        },
        "block_order": [
          "look-0",
          "look-1"
        ],
        "settings": {
          "subheading": "Shop",
          "title": "Our looks"
        }
      },
      "collection-template": {
        "type": "collection-template",
        "settings": {
          "show_collection_info": true,
          "show_collection_image": false,
          "show_sort_by": true,
          "show_layout_switch": false,
          "toolbar_position": "bottom",
          "filter_position": "sidebar",
          "filter_mode": "tag",
          "show_filter_color_swatch": true,
          "grid_items_per_page": 16,
          "grid_mobile_items_per_row": "2",
          "grid_desktop_items_per_row": 4
        }
      },
      "recently-viewed-products": {
        "type": "recently-viewed-products",
        "settings": {
          "show_section": true,
          "title": "Recently viewed",
          "show_product_info": true
        }
      },
      "collection-footer": {
        "type": "collection-footer",
        "settings": {
          "show_section": false,
          "text_color": "#ffffff",
          "apply_overlay": true,
          "title": "Our story",
          "content": "<p>Add your own custom content to explain your processes...<\/p>"
        }
      },
      "product-template": {
        "type": "product-template",
        "settings": {
          "show_share_buttons": true,
          "show_vendor": true,
          "show_color_swatch": false,
          "show_color_carousel": false,
          "show_quantity_selector": true,
          "show_inventory_quantity": false,
          "inventory_quantity_threshold": 3,
          "image_size": "large",
          "stack_images": true,
          "show_thumbnails": false,
          "enable_image_zoom": true,
          "reviews_enabled": false
        }
      },
      "product-recommendations": {
        "type": "product-recommendations",
        "settings": {
          "show_product_recommendations": true,
          "show_product_info": true
        }
      }
    },
    "content_for_index": [
      "slideshow",
      "featured-collections",
      "collection-list",
      "featured-product",
      "timeline",
      "blog-posts",
      "shop-the-look"
    ]
  },
  "presets": {
    "Allure": {
      "heading_color": "#1c1b1b",
      "text_color": "#1c1b1b",
      "text_light_color": "#6a6a6a",
      "link_color": "#6a6a6a",
      "background": "#efefef",
      "light_background": "#ffffff",
      "product_on_sale_color": "#f94c43",
      "button_background": "#1c1b1b",
      "button_text_color": "#ffffff",
      "header_background": "#ffffff",
      "header_heading_color": "#1c1b1b",
      "header_light_color": "#6a6a6a",
      "footer_background": "#ffffff",
      "footer_heading_color": "#1c1b1b",
      "footer_text_color": "#6a6a6a",
      "newsletter_popup_background": "#1c1b1b",
      "newsletter_popup_text_color": "#ffffff",
      "secondary_elements_background": "#1c1b1b",
      "secondary_elements_text_color": "#ffffff",
      "navigation_background": "#1c1b1b",
      "navigation_text_color": "#ffffff",
      "heading_font": "montserrat_n5",
      "heading_size": "small",
      "uppercase_heading": true,
      "text_font": "nunito_sans_n4",
      "base_text_font_size": 14,
      "show_page_transition": false,
      "search_mode": "product,article",
      "product_show_price_on_hover": false,
      "product_show_secondary_image": false,
      "product_info_alignment": "center",
      "product_image_size": "natural",
      "product_list_horizontal_spacing": "medium",
      "product_list_vertical_spacing": "small",
      "cart_type": "drawer",
      "cart_enable_notes": true,
      "cart_show_free_shipping_threshold": false,
      "cart_free_shipping_threshold": "50",
      "checkout_logo_position": "center",
      "checkout_logo_size": "small",
      "checkout_body_background_color": "#ffffff",
      "checkout_input_background_color_mode": "white",
      "checkout_sidebar_background_color": "#efefef",
      "checkout_accent_color": "#1c1b1b",
      "checkout_button_color": "#1c1b1b",
      "sections": {
        "sidebar-menu": {
          "type": "sidebar-menu",
          "settings": {
            "primary_menu": "main-menu",
            "show_social_media": true
          }
        },
        "announcement": {
          "type": "announcement",
          "settings": {
            "background": "#000000",
            "text_color": "#ffffff",
            "content": "Announce something here"
          }
        },
        "header": {
          "type": "header",
          "settings": {
            "use_sticky_header": true,
            "logo_max_width": 140,
            "navigation_menu": "main-menu",
            "navigation_style": "inline",
            "enable_transparent_header": true,
            "transparent_text_color": "#ffffff"
          }
        },
        "footer": {
          "type": "footer",
          "blocks": {
            "footer-0": {
              "type": "text",
              "settings": {
                "title": "About the shop",
                "content": "<p>Use this text area to tell your customers about your brand and vision. You can change it in the theme settings.<\/p>",
                "show_social_media": true
              }
            },
            "footer-1": {
              "type": "links",
              "settings": {
                "menu": "footer"
              }
            },
            "footer-2": {
              "type": "newsletter",
              "settings": {
                "title": "Newsletter",
                "content": "<p>Subscribe to receive updates, access to exclusive deals, and more.<\/p>"
              }
            }
          },
          "block_order": [
            "footer-0",
            "footer-1",
            "footer-2"
          ],
          "settings": {
            "show_payment_methods": true
          }
        },
        "slideshow": {
          "type": "slideshow",
          "blocks": {
            "slide-0": {
              "type": "image",
              "settings": {
                "apply_overlay": true,
                "content_position": "bottomLeft",
                "subheading": "Slide title",
                "title": "Tell your story"
              }
            },
            "slide-1": {
              "type": "image",
              "settings": {
                "apply_overlay": true,
                "content_position": "bottomLeft",
                "subheading": "Slide title",
                "title": "Tell your story"
              }
            }
          },
          "block_order": [
            "slide-0",
            "slide-1"
          ],
          "settings": {
            "show_fullscreen": true,
            "show_arrow": false,
            "autoplay": true,
            "cycle_speed": 5,
            "text_color": "#ffffff",
            "button_color": "#363636"
          }
        },
        "featured-collections": {
          "type": "featured-collections",
          "blocks": {
            "featured-collection-0": {
              "type": "collection",
              "settings": {
                "grid_items_count": 8,
                "button_text": "View all products"
              }
            }
          },
          "block_order": [
            "featured-collection-0"
          ],
          "settings": {
            "title": "Featured collection",
            "layout_mode": "grid",
            "show_product_info": true,
            "grid_mobile_items_per_row": "2",
            "grid_desktop_items_per_row": 4
          }
        },
        "collection-list": {
          "type": "collection-list",
          "blocks": {
            "collection-0": {
              "type": "collection",
              "settings": {
                "image_alignment": "center center",
                "subheading": "Sub-heading",
                "button_text": "View products",
                "apply_overlay": true
              }
            },
            "collection-1": {
              "type": "collection",
              "settings": {
                "image_alignment": "center center",
                "subheading": "Sub-heading",
                "button_text": "View products",
                "apply_overlay": true
              }
            },
            "collection-2": {
              "type": "collection",
              "settings": {
                "image_alignment": "center center",
                "subheading": "Sub-heading",
                "button_text": "View products",
                "apply_overlay": true
              }
            }
          },
          "block_order": [
            "collection-0",
            "collection-1",
            "collection-2"
          ],
          "settings": {
            "add_spacing": true,
            "expand_collection": false,
            "text_color": "#ffffff",
            "button_color": "#363636"
          }
        },
        "featured-product": {
          "type": "featured-product",
          "settings": {
            "title": "Featured product",
            "show_vendor": true,
            "show_description": true,
            "show_color_swatch": false,
            "show_color_carousel": false,
            "show_quantity_selector": true,
            "show_inventory_quantity": false,
            "inventory_quantity_threshold": 3
          }
        },
        "timeline": {
          "type": "timeline",
          "blocks": {
            "item-0": {
              "type": "item",
              "settings": {
                "apply_overlay": true,
                "title": "2000",
                "subheading": "Sub-heading",
                "heading": "Heading",
                "content": "<p>Add your own custom content to give more information about your store, availability details...<\/p>"
              }
            },
            "item-1": {
              "type": "item",
              "settings": {
                "apply_overlay": true,
                "title": "2001",
                "subheading": "Sub-heading",
                "heading": "Heading",
                "content": "<p>Add your own custom content to give more information about your store, availability details...<\/p>"
              }
            },
            "item-2": {
              "type": "item",
              "settings": {
                "apply_overlay": true,
                "title": "2002",
                "subheading": "Sub-heading",
                "heading": "Heading",
                "content": "<p>Add your own custom content to give more information about your store, availability details...<\/p>"
              }
            }
          },
          "block_order": [
            "item-0",
            "item-1",
            "item-2"
          ],
          "settings": {
            "text_color": "#ffffff"
          }
        },
        "blog-posts": {
          "type": "blog-posts",
          "blocks": {
            "blog-0": {
              "type": "blog",
              "settings": {
                "blog": "news"
              }
            }
          },
          "block_order": [
            "blog-0"
          ],
          "settings": {
            "title": "Featured article",
            "show_category": false,
            "button_text": "View all articles"
          }
        },
        "shop-the-look": {
          "type": "shop-the-look",
          "blocks": {
            "look-0": {
              "type": "look",
              "settings": {
                "dot_style": "light",
                "product_1_horizontal_position": 30,
                "product_1_vertical_position": 40,
                "product_2_horizontal_position": 45,
                "product_2_vertical_position": 65,
                "product_3_horizontal_position": 70,
                "product_3_vertical_position": 50
              }
            },
            "look-1": {
              "type": "look",
              "settings": {
                "dot_style": "light",
                "product_1_horizontal_position": 25,
                "product_1_vertical_position": 45,
                "product_2_horizontal_position": 55,
                "product_2_vertical_position": 30,
                "product_3_horizontal_position": 65,
                "product_3_vertical_position": 60
              }
            }
          },
          "block_order": [
            "look-0",
            "look-1"
          ],
          "settings": {
            "subheading": "Shop",
            "title": "Our looks"
          }
        },
        "collection-template": {
          "type": "collection-template",
          "settings": {
            "show_collection_info": true,
            "show_collection_image": false,
            "show_sort_by": true,
            "show_layout_switch": false,
            "toolbar_position": "bottom",
            "filter_position": "sidebar",
            "filter_mode": "tag",
            "show_filter_color_swatch": true,
            "grid_items_per_page": 16,
            "grid_mobile_items_per_row": "2",
            "grid_desktop_items_per_row": 4
          }
        },
        "recently-viewed-products": {
          "type": "recently-viewed-products",
          "settings": {
            "show_section": true,
            "title": "Recently viewed",
            "show_product_info": true
          }
        },
        "collection-footer": {
          "type": "collection-footer",
          "settings": {
            "show_section": false,
            "text_color": "#ffffff",
            "apply_overlay": true,
            "title": "Our story",
            "content": "<p>Add your own custom content to explain your processes...<\/p>"
          }
        },
        "product-template": {
          "type": "product-template",
          "settings": {
            "show_share_buttons": true,
            "show_vendor": true,
            "show_color_swatch": false,
            "show_color_carousel": false,
            "show_quantity_selector": true,
            "show_inventory_quantity": false,
            "inventory_quantity_threshold": 3,
            "image_size": "large",
            "stack_images": true,
            "show_thumbnails": false,
            "enable_image_zoom": true,
            "reviews_enabled": false
          }
        },
        "product-recommendations": {
          "type": "product-recommendations",
          "settings": {
            "show_product_recommendations": true,
            "show_product_info": true
          }
        }
      },
      "content_for_index": [
        "slideshow",
        "featured-collections",
        "collection-list",
        "featured-product",
        "timeline",
        "blog-posts",
        "shop-the-look"
      ]
    },
    "Couture": {
      "heading_color": "#5c5c5c",
      "text_color": "#5c5c5c",
      "text_light_color": "#939393",
      "link_color": "#323232",
      "background": "#ffffff",
      "light_background": "#ffffff",
      "product_on_sale_color": "#f94c43",
      "button_background": "#5c5c5c",
      "button_text_color": "#ffffff",
      "header_background": "#ffffff",
      "header_heading_color": "#5c5c5c",
      "header_light_color": "#939393",
      "footer_background": "#ffffff",
      "footer_heading_color": "#5c5c5c",
      "footer_text_color": "#939393",
      "newsletter_popup_background": "#ffffff",
      "newsletter_popup_text_color": "#1c1b1b",
      "secondary_elements_background": "#5c5c5c",
      "secondary_elements_text_color": "#ffffff",
      "navigation_background": "#ffffff",
      "navigation_text_color": "#5c5c5c",
      "heading_font": "futura_n4",
      "heading_size": "large",
      "uppercase_heading": false,
      "text_font": "century_gothic_n4",
      "base_text_font_size": 15,
      "show_page_transition": false,
      "search_mode": "product,article",
      "product_show_price_on_hover": true,
      "product_show_secondary_image": false,
      "product_info_alignment": "left",
      "product_image_size": "natural",
      "product_list_horizontal_spacing": "small",
      "product_list_vertical_spacing": "small",
      "cart_type": "drawer",
      "cart_enable_notes": true,
      "cart_show_free_shipping_threshold": false,
      "cart_free_shipping_threshold": "50",
      "checkout_logo_position": "center",
      "checkout_logo_size": "small",
      "checkout_body_background_color": "#fff",
      "checkout_input_background_color_mode": "white",
      "checkout_sidebar_background_color": "#fafafa",
      "checkout_accent_color": "#323232",
      "checkout_button_color": "#5c5c5c",
      "sections": {
        "sidebar-menu": {
          "type": "sidebar-menu",
          "settings": {
            "primary_menu": "main-menu",
            "show_social_media": true
          }
        },
        "announcement": {
          "type": "announcement",
          "settings": {
            "background": "#f3f3f3",
            "text_color": "#5c5c5c",
            "content": "Announce something here"
          }
        },
        "header": {
          "type": "header",
          "settings": {
            "use_sticky_header": true,
            "logo_max_width": 140,
            "navigation_menu": "main-menu",
            "navigation_style": "center",
            "enable_transparent_header": true,
            "transparent_text_color": "#ffffff"
          }
        },
        "footer": {
          "type": "footer",
          "blocks": {
            "footer-0": {
              "type": "text",
              "settings": {
                "title": "About the shop",
                "content": "<p>Use this text area to tell your customers about your brand and vision. You can change it in the theme settings.<\/p>",
                "show_social_media": true
              }
            },
            "footer-1": {
              "type": "links",
              "settings": {
                "menu": "footer"
              }
            },
            "footer-2": {
              "type": "newsletter",
              "settings": {
                "title": "Newsletter",
                "content": "<p>Subscribe to receive updates, access to exclusive deals, and more.<\/p>"
              }
            }
          },
          "block_order": [
            "footer-0",
            "footer-1",
            "footer-2"
          ],
          "settings": {
            "show_payment_methods": true
          }
        },
        "slideshow": {
          "type": "slideshow",
          "blocks": {
            "slide-0": {
              "type": "image",
              "settings": {
                "apply_overlay": true,
                "content_position": "bottomLeft",
                "subheading": "Slide title",
                "title": "Tell your story"
              }
            },
            "slide-1": {
              "type": "image",
              "settings": {
                "apply_overlay": true,
                "content_position": "bottomLeft",
                "subheading": "Slide title",
                "title": "Tell your story"
              }
            }
          },
          "block_order": [
            "slide-0",
            "slide-1"
          ],
          "settings": {
            "show_fullscreen": true,
            "show_arrow": false,
            "autoplay": true,
            "cycle_speed": 5,
            "text_color": "#ffffff",
            "button_color": "#363636"
          }
        },
        "featured-collections": {
          "type": "featured-collections",
          "blocks": {
            "featured-collection-0": {
              "type": "collection",
              "settings": {
                "grid_items_count": 8,
                "button_text": "View all products"
              }
            }
          },
          "block_order": [
            "featured-collection-0"
          ],
          "settings": {
            "title": "Featured collection",
            "layout_mode": "grid",
            "show_product_info": true,
            "grid_mobile_items_per_row": "2",
            "grid_desktop_items_per_row": 4
          }
        },
        "collection-list": {
          "type": "collection-list",
          "blocks": {
            "collection-0": {
              "type": "collection",
              "settings": {
                "image_alignment": "center center",
                "subheading": "Sub-heading",
                "button_text": "View products",
                "apply_overlay": true
              }
            },
            "collection-1": {
              "type": "collection",
              "settings": {
                "image_alignment": "center center",
                "subheading": "Sub-heading",
                "button_text": "View products",
                "apply_overlay": true
              }
            },
            "collection-2": {
              "type": "collection",
              "settings": {
                "image_alignment": "center center",
                "subheading": "Sub-heading",
                "button_text": "View products",
                "apply_overlay": true
              }
            }
          },
          "block_order": [
            "collection-0",
            "collection-1",
            "collection-2"
          ],
          "settings": {
            "add_spacing": true,
            "expand_collection": false,
            "text_color": "#ffffff",
            "button_color": "#363636"
          }
        },
        "featured-product": {
          "type": "featured-product",
          "settings": {
            "title": "Featured product",
            "show_vendor": true,
            "show_description": true,
            "show_color_swatch": false,
            "show_color_carousel": false,
            "show_quantity_selector": true,
            "show_inventory_quantity": false,
            "inventory_quantity_threshold": 3
          }
        },
        "timeline": {
          "type": "timeline",
          "blocks": {
            "item-0": {
              "type": "item",
              "settings": {
                "apply_overlay": true,
                "title": "2000",
                "subheading": "Sub-heading",
                "heading": "Heading",
                "content": "<p>Add your own custom content to give more information about your store, availability details...<\/p>"
              }
            },
            "item-1": {
              "type": "item",
              "settings": {
                "apply_overlay": true,
                "title": "2001",
                "subheading": "Sub-heading",
                "heading": "Heading",
                "content": "<p>Add your own custom content to give more information about your store, availability details...<\/p>"
              }
            },
            "item-2": {
              "type": "item",
              "settings": {
                "apply_overlay": true,
                "title": "2002",
                "subheading": "Sub-heading",
                "heading": "Heading",
                "content": "<p>Add your own custom content to give more information about your store, availability details...<\/p>"
              }
            }
          },
          "block_order": [
            "item-0",
            "item-1",
            "item-2"
          ],
          "settings": {
            "text_color": "#ffffff"
          }
        },
        "blog-posts": {
          "type": "blog-posts",
          "blocks": {
            "blog-0": {
              "type": "blog",
              "settings": {
                "blog": "news"
              }
            }
          },
          "block_order": [
            "blog-0"
          ],
          "settings": {
            "title": "Featured article",
            "show_category": false,
            "button_text": "View all articles"
          }
        },
        "shop-the-look": {
          "type": "shop-the-look",
          "blocks": {
            "look-0": {
              "type": "look",
              "settings": {
                "dot_style": "light",
                "product_1_horizontal_position": 30,
                "product_1_vertical_position": 40,
                "product_2_horizontal_position": 45,
                "product_2_vertical_position": 65,
                "product_3_horizontal_position": 70,
                "product_3_vertical_position": 50
              }
            },
            "look-1": {
              "type": "look",
              "settings": {
                "dot_style": "light",
                "product_1_horizontal_position": 25,
                "product_1_vertical_position": 45,
                "product_2_horizontal_position": 55,
                "product_2_vertical_position": 30,
                "product_3_horizontal_position": 65,
                "product_3_vertical_position": 60
              }
            }
          },
          "block_order": [
            "look-0",
            "look-1"
          ],
          "settings": {
            "subheading": "Shop",
            "title": "Our looks"
          }
        },
        "collection-template": {
          "type": "collection-template",
          "settings": {
            "show_collection_info": true,
            "show_collection_image": false,
            "show_sort_by": true,
            "show_layout_switch": false,
            "toolbar_position": "bottom",
            "filter_position": "sidebar",
            "filter_mode": "tag",
            "show_filter_color_swatch": true,
            "grid_items_per_page": 16,
            "grid_mobile_items_per_row": "2",
            "grid_desktop_items_per_row": 4
          }
        },
        "recently-viewed-products": {
          "type": "recently-viewed-products",
          "settings": {
            "show_section": true,
            "title": "Recently viewed",
            "show_product_info": true
          }
        },
        "collection-footer": {
          "type": "collection-footer",
          "settings": {
            "show_section": false,
            "text_color": "#ffffff",
            "apply_overlay": true,
            "title": "Our story",
            "content": "<p>Add your own custom content to explain your processes...<\/p>"
          }
        },
        "product-template": {
          "type": "product-template",
          "settings": {
            "show_share_buttons": true,
            "show_vendor": true,
            "show_color_swatch": false,
            "show_color_carousel": false,
            "show_quantity_selector": true,
            "show_inventory_quantity": false,
            "inventory_quantity_threshold": 3,
            "image_size": "large",
            "stack_images": true,
            "show_thumbnails": false,
            "enable_image_zoom": true,
            "reviews_enabled": false
          }
        },
        "product-recommendations": {
          "type": "product-recommendations",
          "settings": {
            "show_product_recommendations": true,
            "show_product_info": true
          }
        }
      },
      "content_for_index": [
        "slideshow",
        "featured-collections",
        "collection-list",
        "featured-product",
        "timeline",
        "blog-posts",
        "shop-the-look"
      ]
    },
    "Vogue": {
      "heading_color": "#303030",
      "text_color": "#303030",
      "text_light_color": "#595959",
      "link_color": "#000000",
      "background": "#ffffff",
      "light_background": "#ffffff",
      "product_on_sale_color": "#f94c43",
      "button_background": "#f5db8b",
      "button_text_color": "#303030",
      "header_background": "#ffffff",
      "header_heading_color": "#303030",
      "header_light_color": "#595959",
      "footer_background": "#ffffff",
      "footer_heading_color": "#303030",
      "footer_text_color": "#595959",
      "navigation_background": "#ffffff",
      "navigation_text_color": "#303030",
      "newsletter_popup_background": "#ffffff",
      "newsletter_popup_text_color": "#303030",
      "secondary_elements_background": "#fce7a8",
      "secondary_elements_text_color": "#303030",
      "heading_font": "din_neuzeit_grotesk_n3",
      "heading_size": "small",
      "uppercase_heading": true,
      "text_font": "futura_n4",
      "base_text_font_size": 14,
      "show_page_transition": false,
      "show_element_staggering": false,
      "search_mode": "product,article",
      "product_show_price_on_hover": true,
      "product_show_secondary_image": false,
      "product_info_alignment": "center",
      "product_image_size": "natural",
      "product_list_horizontal_spacing": "medium",
      "product_list_vertical_spacing": "small",
      "cart_type": "drawer",
      "cart_enable_notes": true,
      "cart_show_free_shipping_threshold": false,
      "cart_free_shipping_threshold": "50",
      "checkout_logo_position": "left",
      "checkout_logo_size": "medium",
      "checkout_body_background_color": "#fff",
      "checkout_input_background_color_mode": "white",
      "checkout_sidebar_background_color": "#fafafa",
      "checkout_accent_color": "#a17c5e",
      "checkout_button_color": "#454545",
      "sections": {
        "sidebar-menu": {
          "type": "sidebar-menu",
          "settings": {
            "primary_menu": "main-menu",
            "show_social_media": true
          }
        },
        "announcement": {
          "type": "announcement",
          "settings": {
            "background": "#f1e4d8",
            "text_color": "#343434",
            "content": "Announce something here"
          }
        },
        "header": {
          "type": "header",
          "settings": {
            "use_sticky_header": true,
            "logo_max_width": 140,
            "navigation_menu": "main-menu",
            "navigation_style": "inline",
            "enable_transparent_header": true,
            "transparent_text_color": "#ffffff"
          }
        },
        "footer": {
          "type": "footer",
          "blocks": {
            "footer-0": {
              "type": "text",
              "settings": {
                "title": "About the shop",
                "content": "<p>Use this text area to tell your customers about your brand and vision. You can change it in the theme settings.<\/p>",
                "show_social_media": true
              }
            },
            "footer-1": {
              "type": "links",
              "settings": {
                "menu": "footer"
              }
            },
            "footer-2": {
              "type": "newsletter",
              "settings": {
                "title": "Newsletter",
                "content": "<p>Subscribe to receive updates, access to exclusive deals, and more.<\/p>"
              }
            }
          },
          "block_order": [
            "footer-0",
            "footer-1",
            "footer-2"
          ],
          "settings": {
            "show_payment_methods": true
          }
        },
        "slideshow": {
          "type": "slideshow",
          "blocks": {
            "slide-0": {
              "type": "image",
              "settings": {
                "apply_overlay": true,
                "content_position": "bottomLeft",
                "subheading": "Slide title",
                "title": "Tell your story"
              }
            },
            "slide-1": {
              "type": "image",
              "settings": {
                "apply_overlay": true,
                "content_position": "bottomLeft",
                "subheading": "Slide title",
                "title": "Tell your story"
              }
            }
          },
          "block_order": [
            "slide-0",
            "slide-1"
          ],
          "settings": {
            "show_fullscreen": true,
            "show_arrow": false,
            "autoplay": true,
            "cycle_speed": 5,
            "text_color": "#ffffff",
            "button_color": "#363636"
          }
        },
        "featured-collections": {
          "type": "featured-collections",
          "blocks": {
            "featured-collection-0": {
              "type": "collection",
              "settings": {
                "grid_items_count": 8,
                "button_text": "View all products"
              }
            }
          },
          "block_order": [
            "featured-collection-0"
          ],
          "settings": {
            "title": "Featured collection",
            "layout_mode": "grid",
            "show_product_info": true,
            "grid_mobile_items_per_row": "2",
            "grid_desktop_items_per_row": 4
          }
        },
        "collection-list": {
          "type": "collection-list",
          "blocks": {
            "collection-0": {
              "type": "collection",
              "settings": {
                "image_alignment": "center center",
                "subheading": "Sub-heading",
                "button_text": "View products",
                "apply_overlay": true
              }
            },
            "collection-1": {
              "type": "collection",
              "settings": {
                "image_alignment": "center center",
                "subheading": "Sub-heading",
                "button_text": "View products",
                "apply_overlay": true
              }
            },
            "collection-2": {
              "type": "collection",
              "settings": {
                "image_alignment": "center center",
                "subheading": "Sub-heading",
                "button_text": "View products",
                "apply_overlay": true
              }
            }
          },
          "block_order": [
            "collection-0",
            "collection-1",
            "collection-2"
          ],
          "settings": {
            "add_spacing": true,
            "expand_collection": false,
            "text_color": "#ffffff",
            "button_color": "#363636"
          }
        },
        "featured-product": {
          "type": "featured-product",
          "settings": {
            "title": "Featured product",
            "show_vendor": true,
            "show_description": true,
            "show_color_swatch": false,
            "show_color_carousel": false,
            "show_quantity_selector": true,
            "show_inventory_quantity": false,
            "inventory_quantity_threshold": 3
          }
        },
        "timeline": {
          "type": "timeline",
          "blocks": {
            "item-0": {
              "type": "item",
              "settings": {
                "apply_overlay": true,
                "title": "2000",
                "subheading": "Sub-heading",
                "heading": "Heading",
                "content": "<p>Add your own custom content to give more information about your store, availability details...<\/p>"
              }
            },
            "item-1": {
              "type": "item",
              "settings": {
                "apply_overlay": true,
                "title": "2001",
                "subheading": "Sub-heading",
                "heading": "Heading",
                "content": "<p>Add your own custom content to give more information about your store, availability details...<\/p>"
              }
            },
            "item-2": {
              "type": "item",
              "settings": {
                "apply_overlay": true,
                "title": "2002",
                "subheading": "Sub-heading",
                "heading": "Heading",
                "content": "<p>Add your own custom content to give more information about your store, availability details...<\/p>"
              }
            }
          },
          "block_order": [
            "item-0",
            "item-1",
            "item-2"
          ],
          "settings": {
            "text_color": "#ffffff"
          }
        },
        "blog-posts": {
          "type": "blog-posts",
          "blocks": {
            "blog-0": {
              "type": "blog",
              "settings": {
                "blog": "news"
              }
            }
          },
          "block_order": [
            "blog-0"
          ],
          "settings": {
            "title": "Featured article",
            "show_category": false,
            "button_text": "View all articles"
          }
        },
        "shop-the-look": {
          "type": "shop-the-look",
          "blocks": {
            "look-0": {
              "type": "look",
              "settings": {
                "dot_style": "light",
                "product_1_horizontal_position": 30,
                "product_1_vertical_position": 40,
                "product_2_horizontal_position": 45,
                "product_2_vertical_position": 65,
                "product_3_horizontal_position": 70,
                "product_3_vertical_position": 50
              }
            },
            "look-1": {
              "type": "look",
              "settings": {
                "dot_style": "light",
                "product_1_horizontal_position": 25,
                "product_1_vertical_position": 45,
                "product_2_horizontal_position": 55,
                "product_2_vertical_position": 30,
                "product_3_horizontal_position": 65,
                "product_3_vertical_position": 60
              }
            }
          },
          "block_order": [
            "look-0",
            "look-1"
          ],
          "settings": {
            "subheading": "Shop",
            "title": "Our looks"
          }
        },
        "collection-template": {
          "type": "collection-template",
          "settings": {
            "show_collection_info": true,
            "show_collection_image": false,
            "show_sort_by": true,
            "show_layout_switch": false,
            "toolbar_position": "bottom",
            "filter_position": "sidebar",
            "filter_mode": "tag",
            "show_filter_color_swatch": true,
            "grid_items_per_page": 16,
            "grid_mobile_items_per_row": "2",
            "grid_desktop_items_per_row": 4
          }
        },
        "recently-viewed-products": {
          "type": "recently-viewed-products",
          "settings": {
            "show_section": true,
            "title": "Recently viewed",
            "show_product_info": true
          }
        },
        "collection-footer": {
          "type": "collection-footer",
          "settings": {
            "show_section": false,
            "text_color": "#ffffff",
            "apply_overlay": true,
            "title": "Our story",
            "content": "<p>Add your own custom content to explain your processes...<\/p>"
          }
        },
        "product-template": {
          "type": "product-template",
          "settings": {
            "show_share_buttons": true,
            "show_vendor": true,
            "show_color_swatch": false,
            "show_color_carousel": false,
            "show_quantity_selector": true,
            "show_inventory_quantity": false,
            "inventory_quantity_threshold": 3,
            "image_size": "large",
            "stack_images": true,
            "show_thumbnails": false,
            "enable_image_zoom": true,
            "reviews_enabled": false
          }
        },
        "product-recommendations": {
          "type": "product-recommendations",
          "settings": {
            "show_product_recommendations": true,
            "show_product_info": true
          }
        }
      },
      "content_for_index": [
        "slideshow",
        "featured-collections",
        "collection-list",
        "featured-product",
        "timeline",
        "blog-posts",
        "shop-the-look"
      ]
    }
  }
}