{"presets":{"Wardrobe":{"announcement_background":"#28323c","mobile_header_background":"#ffffff","mobile_header_text":"#161616","header_text":"#161616","nav_color":"#161616","nav_hover_link_color":"#4c4c4c","nav_hover_accent_color":"#9f9070","nav_dropdown_text":"#000000","nav_dropdown_background":"#ffffff","text_color":"#28323c","sale_color":"#eba1b8","so_color":"#f4cd6f","new_color":"#28323c","review_stars":"#f4cd6f","section_heading_text":"#000000","section_heading_primary":"#ffffff","section_heading_primary_hover":"#ffffff","section_heading_accent":"#9f9070","banner_caption_bg":"#ffffff","button_color":"#393c4a","button_text":"#ffffff","button_hover":"#415060","direction_color":"#9f9070","direction_background":"rgba(0,0,0,0)","direction_hover":"rgba(0,0,0,0)","accordion_header_bg":"#d5d5d5","accordion_content_text":"#4c4c4c","swatch_border":"#d5d5d5","main_font":"avenir_next_n4","nav_font":"avenir_next_n6","heading_font":"avenir_next_n6","font_size":14,"h1_size":19,"h3_size":18,"h4_size":16,"dropdown_transform":"none","link_decoration":"none","scroll_animation":"none","header_border_weight":2,"header_border_width":60,"header_border_style":"zigzag","header_horizontal_alignment":"middle","header_vertical_alignment":"center","quickview":true,"price_bold":true,"vendor":true,"product_info":"none","color_swatch_options":"custom-image","show_shipping_calculator":false,"show_shipping_countdown":false,"snapchat_id":"","weibo_id":"","show_notfication":true,"notification_position":"above-footer","notification_bar_height":62,"notification_text":"<p>SHARE NEWS ABOUT A SALE OR COUPON CODE<\/p>","notification_size":14,"notification_text_color":"#ffffff","notification_text_alignment":"center","notification_background_color":"#9f9070","sections":{"mobile-navigation":{"type":"mobile-navigation","blocks":{"1603134279730":{"type":"cart_status","settings":{"cart_icon":"cart"}},"1603134282065":{"type":"navigation","settings":{"main_nav":"main-menu","customer_account_links":true}},"1603134286633":{"type":"search_box","settings":{}},"1603134294387":{"type":"social_icons","settings":{"icon_color":"#000000","icon_hover_color":"#313131"}},"1603134297258":{"type":"featured_text","settings":{"featured_text":"<p><b>Featured Text<\/b><\/p><p><em>A great place to share about a sale!<\/em><\/p>"}}},"block_order":["1603134279730","1603134282065","1603134286633","1603134294387","1603134297258"],"settings":{"background_color":"#ffffff","link_color":"#000000","border_color":"#000000"}},"header":{"type":"header","settings":{"full_width":false,"nav_top_border":false,"nav_bottom_border":false,"nav_border_color":"#161616","logo_position":"inline_left","absolute_header":false,"homepage_nav_color":"#ffffff","logo":"","logo_max_width":200,"logo_size":25,"main_nav":"main-menu","nav_height":50,"nav_hover_effect":"bottom-border","nav_split":2}},"footer":{"type":"footer","blocks":{"1520914274198":{"type":"text","settings":{"title":"About","footer_text":"<p>Since 2013 Mr Parker has been providing the&nbsp;most on point fashion and lifestyle accessories.<\/p>"}},"1520914258601":{"type":"menu","settings":{"footer_nav":"footer","title":"Our Collections"}},"1520914306190":{"type":"menu","settings":{"footer_nav":"main-menu","title":"Explore"}},"1520914313408":{"type":"newsletter","settings":{"title":"Connect","mailing_subheading":"<p>Join our mailing list for updates<\/p>"}}},"block_order":["1520914274198","1520914258601","1520914306190","1520914313408"],"settings":{"footer_text_align":"left","footer_title_size":13,"show_credit_cards":true,"payment_icon_color":true,"show_copyright":true,"show_locale_selector":true,"show_currency_selector":true}},"collection-template":{"type":"collection-template","blocks":{"1520914660779":{"type":"sort_by","settings":{"sort_by_title":"Sort"}},"1520914708127":{"type":"menu","settings":{"side_nav":"main-menu","title":"Explore"}},"1540403653070":{"type":"vendor_list","settings":{"shop_by_designer_title":"Shop by Designer"}},"1540403666591":{"type":"image","settings":{"image":"","link":""}},"1540403658670":{"type":"text_note","settings":{"textbox_heading":"Heading","textbox_subheading":"<p>Subheading<\/p>","subheading_align":"left"}}},"block_order":["1520914660779","1520914708127","1540403653070","1540403666591","1540403658670"],"settings":{"products_per_page":25,"show_collection_heading":true,"description_position":"sidebar_description","filter_position":"left_sidebar","filter_bg_color":"#ffffff","filter_border_color":"#d5d5d5","filter_text_color":"#415060"}},"product-template":{"type":"product-template","settings":{"click_to_enlarge":true,"image_options":"static","thumbnail_position":"right","thumbs_to_show":3,"slide_controls":"arrows","enable_video_looping":false,"product_image_border":"#ffffff","product_form_bg":"#ffffff","product_form_border":"#ffffff","description_position":"bottom","show_product_size_chart":false,"show_product_model":false,"enable_product_reviews":false,"reviews_heading":"Customer Reviews"}},"page-template":{"type":"page-template","settings":{"pagelist":"","page_sidebar_title":"Page sidebar title"}},"blog-template":{"type":"blog-template","blocks":{"1539361205986":{"type":"bio","settings":{"blog_bio_image":"","blog_bio_link":"","blog_bio_text":"<p>Lorem ipsum dolor sit amet, consectetur adipiscing elit, sed do eiusmod tempor incididunt ut labore et dolore magna aliqua.<\/p>"}},"1539361247526":{"type":"promo","settings":{"promo_image":"","promo_link":"","adsense_code":""}},"1539361234161":{"type":"social","settings":{"share_text":"Subscribe & Follow"}},"1539361238107":{"type":"subscribe","settings":{"subscribe_heading":"Join the Club","subscribe_subheading":"Sign up and receive the latest tips via email."}}},"block_order":["1539361205986","1539361247526","1539361234161","1539361238107"],"settings":{"banner_image":"","blog_subheading":"","blog_caption_position":"left","show_blog_promos":true,"promo_image_1":"","promo_text_1":"Promo 1","promo_link_1":"shopify:\/\/blogs\/news","promo_image_2":"","promo_text_2":"Promo 2","promo_link_2":"","promo_image_3":"","promo_text_3":"Promo 3","promo_link_3":"","show_date":true,"show_author":true,"recent_posts_layout":"list","recent_posts_heading":"Recent Posts","show_sidebar":true}},"collections-list-template":{"type":"collections-list-template","blocks":{"collections-list-template-0":{"type":"collection_list","settings":{"collection_list_type":"all","cl_title":"Collections","cl_collections_per_row":4}}},"block_order":["collections-list-template-0"],"settings":{"collection_banner_img":"","collection_banner_img_height":300,"show_collection_banner_caption":true,"collection_caption_heading":"Our Collections","collection_caption_subheading":"Shop collections by room","collection_caption_position":"left"}},"contact-page-template":{"type":"contact-page-template","settings":{"cf_show_first_name":true,"cf_show_last_name":false,"cf_show_company_name":false,"cf_show_address":false,"cf_show_website_url":false,"cf_show_phone":false,"cf_show_subject":true,"cf_show_custom_field_one":false,"cf_custom_field_one":"Custom Field One","cf_custom_field_one_type":"input","cf_show_custom_field_two":false,"cf_custom_field_two":"Custom Field Two","cf_custom_field_two_type":"input"}},"article-template":{"type":"article-template","settings":{"show_date":true,"show_author":true}},"page-custom-one":{"type":"page-custom-one","blocks":{"page-custom-one-0":{"type":"image_text_overlay","settings":{"io_full_width":true,"io_no_bottom_margin":false,"io_image":"","io_image_height":400,"io_link":"","io_heading":"Image with Text Overlay","io_heading_text_size":28,"io_heading_text_color":"#000","io_hidden_text":"<p>Pair text with a large full width image to give focus to areas of your store.<\/p>","io_hidden_text_size":18,"io_hidden_text_color":"#000"}},"page-custom-one-1":{"type":"page_title","settings":{"pt_align":"center"}},"page-custom-one-2":{"type":"page_content","settings":{"pc_align":"center","pc_max_width":800}},"1539882623367":{"type":"image_with_text","settings":{"iwt_image":"","iwt_layout":"left","iwt_image_width":"50%","iwt_text_align":"left","iwt_title":"Heading","iwt_text":"<p>Cool text<\/p>","iwt_link":"shopify:\/\/blogs\/news","iwt_button":"Hello All"}}},"block_order":["page-custom-one-0","page-custom-one-1","page-custom-one-2","1539882623367"],"settings":{"margin_bottom":50}},"1608055305608dbc24":{"type":"slideshow","blocks":{"1608055305608dbc24-0":{"type":"image","settings":{"overlay":false,"text_align":"center","caption_horizontal":50,"caption_vertical":50,"hide_caption_background":false,"caption_below":false,"heading":"Slide image title","subheading":"<p>Slide image subheading<\/p>","button_text":"Add a button","second_button_text":"Button 2 text","slide_text_color":"#000000","cta_color":"#ffffff","cta_background":"#000000","caption_background":"transparent"}},"1608055305608dbc24-1":{"type":"image","settings":{"overlay":false,"text_align":"left","caption_horizontal":50,"caption_vertical":50,"hide_caption_background":false,"caption_below":false,"heading":"Slide image title","subheading":"<p>Slide image subheading<\/p>","button_text":"Add a button","second_button_text":"Button 2 text","slide_text_color":"#000000","cta_color":"#ffffff","cta_background":"#000000","caption_background":"transparent"}}},"block_order":["1608055305608dbc24-0","1608055305608dbc24-1"],"settings":{"display_wide":true,"slider_speed":5,"pager":"dots","video_audio":"off","slide_heading_size":22,"subheading_size":14,"cta_size":14}},"16080554146d38655f":{"type":"gallery","blocks":{"16080554146d38655f-0":{"type":"image","settings":{"text":"","button_text":""}},"16080554146d38655f-1":{"type":"image","settings":{"text":"","button_text":""}},"16080554146d38655f-2":{"type":"image","settings":{"text":"","button_text":""}}},"block_order":["16080554146d38655f-0","16080554146d38655f-1","16080554146d38655f-2"],"settings":{"full_width":false}},"1608062240cb7dcaf3":{"type":"featured-collection","settings":{"title":"Featured Collection","collection":"","grid":3,"rows":2}},"16080623261c4db75c":{"type":"image-with-text-overlay","settings":{"full-width":true,"fixed":false,"image_height":535,"page_text":"Image with Text overlay","font_size":26,"text_color":"#000","button_text":"Add a button"}},"16080624733947895e":{"type":"featured-product","settings":{"heading":"Featured Product","featured_product":"","click_to_enlarge":true,"image_options":"static","thumbnail_position":"right","thumbs_to_show":3,"slide_controls":"arrows","enable_video_looping":false,"product_image_border":"#fff"}},"160806249767887d84":{"type":"newsletter","settings":{"heading":"Subscribe to our newsletter","newsletter_subheading":"<p>Signup to receive news and updates<\/p>","subheading_font_size":16,"section_heading_text":"#000000","subsection_heading_text":"#000","background_color":"#f7f7f7"}}},"content_for_index":["1608055305608dbc24","16080554146d38655f","1608062240cb7dcaf3","16080623261c4db75c","16080624733947895e","160806249767887d84"]},"Sunset":{"favicon":"","header_background":"#eeeeee","header_color":"#000000","header_wrapper_background":"#ffffff","background":"#ffffff","text_color":"#000000","link_color":"#000000","link_hover_color":"#4c4c4c","sale_color":"#eba1b8","so_color":"#edd509","new_color":"#000000","dotted_color":"#d5d5d5","review_stars":"#edd509","mobile_header_background":"#ffffff","mobile_header_color":"#000000","mobile_header_links":"#000000","nav_color":"#000000","nav_hover_link_color":"#515151","nav_hover_accent_color":"#000000","nav_dropdown_color":"#000000","dropdown_background_color":"#ffffff","secondary_color":"#fbfbfb","section_heading_text":"#242424","section_heading_primary":"#ffffff","section_heading_primary_hover":"rgba(0,0,0,0)","section_heading_accent":"#000000","banner_text":"#161616","banner_caption_bg":"#ffffff","button_color":"#252525","button_text":"#ffffff","button_hover":"#000000","button_hover_text":"#d5d5d5","secondary_button_color":"#d5d5d5","secondary_button_text":"#242424","secondary_button_hover":"#d6d6d6","secondary_button_hover_text":"#000000","direction_color":"#000","direction_background":"rgba(0,0,0,0)","direction_hover":"rgba(0,0,0,0)","accordion_header_bg":"#d5d5d5","accordion_header_text":"#ffffff","accordion_content_text":"#ffffff","swatch_color":"#000000","swatch_background":"#ffffff","swatch_border":"#d5d5d5","swatch_selected_color":"#ffffff","swatch_selected_background":"#000000","swatch_selected_border":"#000000","footer_background":"#000000","footer_text":"#ffffff","footer_icons":"#ffffff","main_font":"avenir_next_n3","nav_font":"avenir_next_n4","heading_font":"avenir_next_n6","font_size":15,"nav_size":15,"h1_size":22,"h2_size":20,"h3_size":19,"h4_size":16,"h5_size":14,"navigation_transform":"uppercase","dropdown_transform":"none","link_decoration":"none","scroll_animation":"fade-up","breadcrumb":false,"rounded_buttons":false,"header_border_weight":2,"header_border_width":10,"header_border_style":"solid","header_horizontal_alignment":"bottom","header_edges":"none","header_vertical_alignment":"center","quickview":true,"quick_show_payment_button":true,"enable_video_looping":false,"keyboard_focus":"#000000","focus_border_style":"dotted","focus_border_weight":1,"image_ratio":"vertical","display_options":"image-switch","product_icon_position":"top-right","product_align":"center","price_bold":true,"vendor":false,"product_info":"sizes","color_swatch_options":"variant-image","product_border":false,"show_product_review_stars":false,"ajax_cart_method":"drawer","show_display_discount_code":true,"show_cart_notes":true,"show_shipping_calculator":false,"shipping_calculator_heading":"Get shipping estimate","shipping_calculator_default_country":"United States","shipping_calculator_submit_button_label":"Calculate shipping","shipping_calculator_submit_button_label_disabled":"Calculating...","show_shipping_countdown":true,"free_shipping_threshold":"250","free_shipping_bg":"#edd509","free_shipping_text":"#000000","twitter_url":"","facebook_url":"","pinterest_url":"","tumblr_url":"","youtube_url":"","googleplus_url":"","instagram_url":"","snapchat_id":"","weibo_id":"","popup":false,"test_mode":false,"show_discount_code":true,"generic_coupon_code":"SAVE20","mail_popup_title":"Join + Save","popup_h3_size":36,"mail_popup_text":"Join our newsletter","popup_subheading_size":17,"mail_gdpr_text":"*By completing this form you're signing up to receive our emails and can unsubscribe at any time.","mail_button_text":"Sign Up","popup_text_color":"#ffffff","popup_text_alignment":"center","popup_image":"background","popup_background_color":"#9f9070","email_image":"shopify:\/\/shop_images\/slide1.jpg","show_notfication":true,"notification_position":"above-footer","notification_bar_height":62,"notification_text":"<p>10% off your first order with code&nbsp;<strong>SAVE10<\/strong><\/p>","notification_size":14,"notification_text_color":"#000000","notification_text_alignment":"center","notification_background_color":"#ffd450","notification_background_image":"","checkout_header_image":"","checkout_logo_image":"","checkout_logo_position":"left","checkout_logo_size":"medium","checkout_body_background_image":"","checkout_body_background_color":"#fff","checkout_input_background_color_mode":"white","checkout_sidebar_background_image":"","checkout_sidebar_background_color":"#fafafa","checkout_heading_font":"-apple-system, BlinkMacSystemFont, 'Segoe UI', Roboto, Helvetica, Arial, sans-serif, 'Apple Color Emoji', 'Segoe UI Emoji', 'Segoe UI Symbol'","checkout_body_font":"-apple-system, BlinkMacSystemFont, 'Segoe UI', Roboto, Helvetica, Arial, sans-serif, 'Apple Color Emoji', 'Segoe UI Emoji', 'Segoe UI Symbol'","checkout_accent_color":"#b5b5b5","checkout_button_color":"#000000","checkout_error_color":"#e32c2b","sections":{"mobile-navigation":{"type":"mobile-navigation","blocks":{"1603134279730":{"type":"cart_status","settings":{"cart_icon":"cart"}},"1603134282065":{"type":"navigation","settings":{"main_nav":"main-menu","customer_account_links":true}},"1603134286633":{"type":"search_box","settings":{}},"1603134294387":{"type":"social_icons","settings":{"icon_color":"#000000","icon_hover_color":"#313131"}},"1603134297258":{"type":"featured_text","settings":{"featured_text":"<p><b>Featured Text<\/b><\/p><p><em>A great place to share about a sale!<\/em><\/p>"}}},"block_order":["1603134279730","1603134282065","1603134286633","1603134294387","1603134297258"],"settings":{"background_color":"#ffffff","link_color":"#000000","border_color":"#000000"}},"header":{"type":"header","settings":{"full_width":true,"nav_top_border":false,"nav_bottom_border":false,"nav_border_color":"#161616","logo_position":"inline","absolute_header":true,"homepage_nav_color":"#000000","logo":"","logo_max_width":100,"logo_size":25,"main_nav":"main-menu","nav_height":54,"nav_hover_effect":"bottom-border","nav_split":2}},"footer":{"type":"footer","blocks":{"1520914274198":{"type":"text","settings":{"title":"About","footer_text":"<p>Since 2013 Mr Parker has been providing the&nbsp;most on point fashion and lifestyle accessories.<\/p>"}},"1520914258601":{"type":"menu","settings":{"footer_nav":"footer","title":"Our Collections"}},"1520914306190":{"type":"menu","settings":{"footer_nav":"main-menu","title":"Explore"}},"1520914313408":{"type":"newsletter","settings":{"title":"Connect","mailing_subheading":"<p>Join our mailing list for updates<\/p>"}}},"block_order":["1520914274198","1520914258601","1520914306190","1520914313408"],"settings":{"footer_text_align":"left","footer_title_size":13,"show_credit_cards":true}},"collection-template":{"type":"collection-template","blocks":{"1520914660779":{"type":"sort_by","settings":{"sort_by_title":"Sort"}},"1520914708127":{"type":"menu","settings":{"side_nav":"","title":"Explore"}}},"block_order":["1520914660779","1520914708127"],"settings":{"products_per_page":25,"show_collection_heading":true,"description_position":"top_description","filter_position":"left_sidebar","filter_bg_color":"#ffffff","filter_border_color":"#333333","filter_text_color":"#333333"}},"product-template":{"type":"product-template","settings":{"product_image_border":"#ffffff","product_form_bg":"rgba(0,0,0,0)","product_form_border":"rgba(0,0,0,0)","description_position":"below-form","show_product_size_chart":false,"show_product_model":false,"enable_product_reviews":false,"reviews_heading":"Customer Reviews"}},"page-template":{"type":"page-template","settings":{"pagelist":"","page_sidebar_title":"Page sidebar title"}},"blog-template":{"type":"blog-template","blocks":{"1539361205986":{"type":"bio","settings":{"blog_bio_image":"","blog_bio_link":"","blog_bio_text":"<p>Lorem ipsum dolor sit amet, consectetur adipiscing elit, sed do eiusmod tempor incididunt ut labore et dolore magna aliqua.<\/p>"}},"1539361247526":{"type":"promo","settings":{"promo_image":"","promo_link":"","adsense_code":""}},"1539361234161":{"type":"social","settings":{"share_text":"Subscribe & Follow"}},"1539361238107":{"type":"subscribe","settings":{"subscribe_heading":"Join the Club","subscribe_subheading":"Sign up and receive the latest tips via email."}}},"block_order":["1539361205986","1539361247526","1539361234161","1539361238107"],"settings":{"banner_image":"","blog_subheading":"","blog_caption_position":"left","show_blog_promos":true,"promo_image_1":"","promo_text_1":"Promo 1","promo_link_1":"shopify:\/\/blogs\/news","promo_image_2":"","promo_text_2":"Promo 2","promo_link_2":"","promo_image_3":"","promo_text_3":"Promo 3","promo_link_3":"","show_date":true,"show_author":false,"recent_posts_layout":"list","recent_posts_heading":"Recent Posts","show_sidebar":true}},"collections-list-template":{"type":"collections-list-template","blocks":{"collections-list-template-0":{"type":"collection_list","settings":{"collection_list_type":"all","cl_title":"Collections","cl_collections_per_row":4}}},"block_order":["collections-list-template-0"],"settings":{"collection_banner_img":"","collection_banner_img_height":300,"show_collection_banner_caption":false,"collection_caption_heading":"Our Collections","collection_caption_subheading":"Shop collections by room","collection_caption_position":"center"}},"contact-page-template":{"type":"contact-page-template","settings":{"cf_show_first_name":true,"cf_show_last_name":false,"cf_show_company_name":false,"cf_show_address":false,"cf_show_website_url":false,"cf_show_phone":false,"cf_show_subject":true,"cf_show_custom_field_one":false,"cf_custom_field_one":"Custom Field One","cf_custom_field_one_type":"input","cf_show_custom_field_two":false,"cf_custom_field_two":"Custom Field Two","cf_custom_field_two_type":"input"}},"article-template":{"type":"article-template","settings":{"show_date":true,"show_author":true}},"page-custom-one":{"type":"page-custom-one","blocks":{"page-custom-one-0":{"type":"image_text_overlay","settings":{"io_full_width":true,"io_no_bottom_margin":false,"io_image":"","io_image_height":400,"io_link":"","io_heading":"Image with Text Overlay","io_heading_text_size":28,"io_heading_text_color":"#000","io_hidden_text":"<p>Pair text with a large full width image to give focus to areas of your store.<\/p>","io_hidden_text_size":18,"io_hidden_text_color":"#000"}},"page-custom-one-1":{"type":"page_title","settings":{"pt_align":"center"}},"page-custom-one-2":{"type":"page_content","settings":{"pc_align":"center","pc_max_width":800}},"1539882623367":{"type":"image_with_text","settings":{"iwt_image":"shopify:\/\/shop_images\/3_1000x_b834404b-86db-4465-88d8-35ec99491da9.jpeg","iwt_layout":"left","iwt_image_width":"50%","iwt_text_align":"left","iwt_title":"Heading","iwt_text":"<p>Cool text<\/p>","iwt_link":"shopify:\/\/blogs\/news","iwt_button":"Hello All"}}},"block_order":["page-custom-one-0","page-custom-one-1","page-custom-one-2","1539882623367"],"settings":{}},"1540224734551":{"type":"slideshow","blocks":{"1540224734551-0":{"type":"image","settings":{"image":"","subheading":"<p>Tell your brand's story through images<\/p>","link":"","button_text":"Add a button","slide_text_color":"#000000","cta_color":"#ffffff","cta_background":"#000000","caption_background":"transparent"}},"1540224734551-1":{"type":"image","settings":{"image":"","subheading":"<p>Tell your brand's story through images<\/p>","link":"","button_text":"Add a button","slide_text_color":"#000000","cta_color":"#ffffff","cta_background":"#000000","caption_background":"transparent"}},"1540224781555":{"type":"image","settings":{"image":"","subheading":"<p>Tell your brand's story through images<\/p>","link":"","button_text":"Add a button","slide_text_color":"#000000","cta_color":"#ffffff","cta_background":"#000000","caption_background":"transparent"}}},"block_order":["1540224734551-0","1540224734551-1","1540224781555"],"settings":{"cta_size":14}},"1540224799153":{"type":"gallery","blocks":{"1540224799153-0":{"type":"image","settings":{"image":"","text":"","button_text":"","link":""}},"1540224799153-1":{"type":"image","settings":{"image":"","text":"","button_text":"","link":""}},"1540224799153-2":{"type":"image","settings":{"image":"","text":"","button_text":"","link":""}}},"block_order":["1540224799153-0","1540224799153-1","1540224799153-2"],"settings":{"full_width":false}},"1540224911099":{"type":"featured-collection","settings":{"title":"Featured Collection","collection":"","grid":4,"rows":1}},"1540224939585":{"type":"image-with-text-overlay","settings":{"full-width":true,"fixed":false,"image":"","image_height":415,"page_text":"Image with Text overlay","font_size":26,"text_color":"#000000","link":"","button_text":"Add a button"}},"1540224990299":{"type":"featured-product","settings":{"heading":"Featured Product","featured_product":""}},"1540225030487":{"type":"newsletter","settings":{"heading":"Subscribe to our newsletter","newsletter_subheading":"<p>Signup to receive news and updates<\/p>","subheading_font_size":15,"section_heading_text":"#000000","subsection_heading_text":"#000","background_color":"#ede8d7"}}},"content_for_index":["1540224734551","1540224799153","1540224911099","1540224939585","1540224990299","1540225030487"]},"Apothecary":{"favicon":"","header_background":"rgba(0,0,0,0)","header_color":"#000000","header_wrapper_background":"#ffffff","background":"#ffffff","text_color":"#000000","link_color":"#000000","link_hover_color":"#4c4c4c","sale_color":"#f4e9e8","so_color":"#f0f0f0","new_color":"#000000","dotted_color":"#f0f0f0","review_stars":"#000000","mobile_header_background":"#ffffff","mobile_header_color":"#161616","mobile_header_links":"#161616","nav_color":"#000000","nav_hover_link_color":"#000000","nav_hover_accent_color":"#f4e9e8","nav_dropdown_color":"#000000","dropdown_background_color":"#ffffff","secondary_color":"rgba(0,0,0,0)","section_heading_text":"#ffffff","section_heading_primary":"#000000","section_heading_primary_hover":"#f4e9e8","section_heading_accent":"#000000","banner_text":"#161616","banner_caption_bg":"#ffffff","button_color":"#282828","button_text":"#ffffff","button_hover":"#f4e9e8","button_hover_text":"#ffffff","secondary_button_color":"#f4e3cb","secondary_button_text":"#242424","secondary_button_hover":"#e9bbad","secondary_button_hover_text":"#000000","direction_color":"#000","direction_background":"rgba(0,0,0,0)","direction_hover":"rgba(0,0,0,0)","accordion_header_bg":"#f4e9e8","accordion_header_text":"#000000","accordion_content_text":"#ffffff","swatch_color":"#000000","swatch_background":"#ffffff","swatch_border":"#f3e6d1","swatch_selected_color":"#000000","swatch_selected_background":"#ffffff","swatch_selected_border":"#000000","footer_background":"#f4e9e8","footer_text":"#282828","footer_icons":"#282828","main_font":"courier_new_n4","nav_font":"poppins_n3","heading_font":"poppins_n2","font_size":13,"nav_size":14,"h1_size":24,"h2_size":17,"h3_size":19,"h4_size":17,"h5_size":15,"navigation_transform":"uppercase","dropdown_transform":"uppercase","link_decoration":"none","scroll_animation":"fade-up","breadcrumb":false,"rounded_buttons":true,"header_border_weight":4,"header_border_width":100,"header_border_style":"dotted","header_horizontal_alignment":"middle","header_edges":"banner_flag","header_vertical_alignment":"left","quickview":false,"quick_show_payment_button":true,"enable_video_looping":false,"keyboard_focus":"#000000","focus_border_style":"dotted","focus_border_weight":1,"image_ratio":"original","display_options":"show-content","product_icon_position":"bottom-right","product_align":"left","price_bold":true,"vendor":true,"product_info":"add_to_cart","color_swatch_options":"variant-image","product_border":true,"show_product_review_stars":false,"ajax_cart_method":"drawer","show_display_discount_code":true,"show_cart_notes":true,"show_shipping_calculator":false,"shipping_calculator_heading":"Get shipping estimate","shipping_calculator_default_country":"United States","shipping_calculator_submit_button_label":"Calculate shipping","shipping_calculator_submit_button_label_disabled":"Calculating...","show_shipping_countdown":true,"free_shipping_threshold":"50","free_shipping_bg":"#f4e3cb","free_shipping_text":"#000000","twitter_url":"","facebook_url":"","pinterest_url":"","tumblr_url":"","youtube_url":"","googleplus_url":"","instagram_url":"","snapchat_id":"","weibo_id":"","popup":false,"test_mode":false,"show_discount_code":true,"generic_coupon_code":"SAVE20","mail_popup_title":"Join + Save","popup_h3_size":36,"mail_popup_text":"Join our newsletter","popup_subheading_size":18,"mail_gdpr_text":"*By completing this form you're signing up to receive our emails and can unsubscribe at any time.","mail_button_text":"Sign Up","popup_text_color":"#000000","popup_text_alignment":"center","popup_image":"content","popup_background_color":"#ffffff","email_image":"shopify:\/\/shop_images\/aydry2.jpg","show_notfication":true,"notification_position":"above-footer","notification_bar_height":62,"notification_text":"<p>Save 20% when you buy three items with coupon&nbsp;BUYTHREE<\/p>","notification_size":14,"notification_text_color":"#ffffff","notification_text_alignment":"center","notification_background_color":"#606060","notification_background_image":"shopify:\/\/shop_images\/mascara.jpg","show_multiple_currencies":false,"checkout_header_image":"","checkout_logo_image":"","checkout_logo_position":"left","checkout_logo_size":"medium","checkout_body_background_image":"","checkout_body_background_color":"#fff","checkout_input_background_color_mode":"white","checkout_sidebar_background_image":"","checkout_sidebar_background_color":"#fafafa","checkout_heading_font":"-apple-system, BlinkMacSystemFont, 'Segoe UI', Roboto, Helvetica, Arial, sans-serif, 'Apple Color Emoji', 'Segoe UI Emoji', 'Segoe UI Symbol'","checkout_body_font":"-apple-system, BlinkMacSystemFont, 'Segoe UI', Roboto, Helvetica, Arial, sans-serif, 'Apple Color Emoji', 'Segoe UI Emoji', 'Segoe UI Symbol'","checkout_accent_color":"#b5b5b5","checkout_button_color":"#000000","checkout_error_color":"#e32c2b","sections":{"mobile-navigation":{"type":"mobile-navigation","blocks":{"1603134279730":{"type":"cart_status","settings":{"cart_icon":"cart"}},"1603134282065":{"type":"navigation","settings":{"main_nav":"main-menu","customer_account_links":true}},"1603134286633":{"type":"search_box","settings":{}},"1603134294387":{"type":"social_icons","settings":{"icon_color":"#000000","icon_hover_color":"#313131"}},"1603134297258":{"type":"featured_text","settings":{"featured_text":"<p><b>Featured Text<\/b><\/p><p><em>A great place to share about a sale!<\/em><\/p>"}}},"block_order":["1603134279730","1603134282065","1603134286633","1603134294387","1603134297258"],"settings":{"background_color":"#ffffff","link_color":"#000000","border_color":"#000000"}},"header":{"type":"header","settings":{"full_width":false,"nav_top_border":true,"nav_bottom_border":true,"nav_border_color":"#f4e9e8","logo_position":"inline","absolute_header":true,"homepage_nav_color":"#000000","logo":"","logo_max_width":200,"logo_size":25,"main_nav":"main-menu","nav_height":54,"nav_hover_effect":"underline-box","nav_split":2}},"footer":{"type":"footer","blocks":{"1520914274198":{"type":"text","settings":{"title":"About","footer_text":"<p>Since 2013 Mr Parker has been providing the&nbsp;most on point fashion and lifestyle accessories.<\/p>"}},"1520914258601":{"type":"menu","settings":{"footer_nav":"footer","title":"Our Collections"}},"1520914306190":{"type":"menu","settings":{"footer_nav":"main-menu","title":"Explore"}},"1520914313408":{"type":"newsletter","settings":{"title":"Connect","mailing_subheading":"<p>Join our mailing list for updates<\/p>"}}},"block_order":["1520914274198","1520914258601","1520914306190","1520914313408"],"settings":{"footer_text_align":"left","footer_title_size":13,"show_credit_cards":true}},"collection-template":{"type":"collection-template","blocks":{"1520914660779":{"type":"sort_by","settings":{"sort_by_title":"Sort"}},"1520914708127":{"type":"menu","settings":{"side_nav":"main-menu","title":"Explore"}},"1540403658670":{"type":"text_note","settings":{"textbox_heading":"Heading","textbox_subheading":"<p>Subheading<\/p>","subheading_align":"left"}}},"block_order":["1540403658670","1520914660779","1520914708127"],"settings":{"products_per_page":25,"show_collection_heading":true,"description_position":"top_description","filter_position":"right_sidebar","filter_bg_color":"#ffffff","filter_border_color":"#d5d5d5","filter_text_color":"#415060"}},"product-template":{"type":"product-template","settings":{"product_image_border":"#f0f0f0","product_form_bg":"rgba(0,0,0,0)","product_form_border":"#f0f0f0","description_position":"bottom","show_product_size_chart":true,"show_product_model":true,"enable_product_reviews":false,"reviews_heading":"Customer Reviews"}},"page-template":{"type":"page-template","settings":{"pagelist":"","page_sidebar_title":"Page sidebar title"}},"blog-template":{"type":"blog-template","blocks":{"1539361205986":{"type":"bio","settings":{"blog_bio_image":"","blog_bio_link":"","blog_bio_text":"<p>Lorem ipsum dolor sit amet, consectetur adipiscing elit, sed do eiusmod tempor incididunt ut labore et dolore magna aliqua.<\/p>"}},"1539361247526":{"type":"promo","settings":{"promo_image":"","promo_link":"","adsense_code":""}},"1539361234161":{"type":"social","settings":{"share_text":"Subscribe & Follow"}},"1539361238107":{"type":"subscribe","settings":{"subscribe_heading":"Join the Club","subscribe_subheading":"Sign up and receive the latest tips via email."}}},"block_order":["1539361205986","1539361247526","1539361234161","1539361238107"],"settings":{"banner_image":"","blog_subheading":"","blog_caption_position":"left","show_blog_promos":true,"promo_image_1":"","promo_text_1":"Promo 1","promo_link_1":"shopify:\/\/blogs\/news","promo_image_2":"","promo_text_2":"Promo 2","promo_link_2":"","promo_image_3":"","promo_text_3":"Promo 3","promo_link_3":"","show_date":true,"show_author":true,"recent_posts_layout":"list","recent_posts_heading":"Recent Posts","show_sidebar":true}},"collections-list-template":{"type":"collections-list-template","blocks":{"collections-list-template-0":{"type":"collection_list","settings":{"collection_list_type":"all","cl_title":"Collections","cl_collections_per_row":4}}},"block_order":["collections-list-template-0"],"settings":{"collection_banner_img":"","collection_banner_img_height":200,"show_collection_banner_caption":true,"collection_caption_heading":"Our Collections","collection_caption_subheading":"Shop collections by room","collection_caption_position":"right"}},"contact-page-template":{"type":"contact-page-template","settings":{"cf_show_first_name":true,"cf_show_last_name":false,"cf_show_company_name":false,"cf_show_address":false,"cf_show_website_url":false,"cf_show_phone":false,"cf_show_subject":true,"cf_show_custom_field_one":false,"cf_custom_field_one":"Custom Field One","cf_custom_field_one_type":"input","cf_show_custom_field_two":false,"cf_custom_field_two":"Custom Field Two","cf_custom_field_two_type":"input"}},"article-template":{"type":"article-template","settings":{"show_date":true,"show_author":true}},"page-custom-one":{"type":"page-custom-one","blocks":{"page-custom-one-0":{"type":"image_text_overlay","settings":{"io_full_width":true,"io_no_bottom_margin":false,"io_image":"","io_image_height":400,"io_link":"","io_heading":"Image with Text Overlay","io_heading_text_size":28,"io_heading_text_color":"#000","io_hidden_text":"<p>Pair text with a large full width image to give focus to areas of your store.<\/p>","io_hidden_text_size":18,"io_hidden_text_color":"#000"}},"page-custom-one-1":{"type":"page_title","settings":{"pt_align":"center"}},"page-custom-one-2":{"type":"page_content","settings":{"pc_align":"center","pc_max_width":800}},"1539882623367":{"type":"image_with_text","settings":{"iwt_image":"","iwt_layout":"left","iwt_image_width":"50%","iwt_text_align":"left","iwt_title":"Heading","iwt_text":"<p>Cool text<\/p>","iwt_link":"shopify:\/\/blogs\/news","iwt_button":"Hello All"}}},"block_order":["page-custom-one-0","page-custom-one-1","page-custom-one-2","1539882623367"],"settings":{}},"1540224799153":{"type":"gallery","blocks":{"1540224799153-0":{"type":"image","settings":{"image":"","text":"","button_text":"","link":""}},"1540224799153-1":{"type":"image","settings":{"image":"","text":"","button_text":"","link":""}},"1540224799153-2":{"type":"image","settings":{"image":"","text":"","button_text":"","link":""}}},"block_order":["1540224799153-0","1540224799153-1","1540224799153-2"],"settings":{"full_width":false}},"1540224911099":{"type":"featured-collection","settings":{"title":"Featured Collection","collection":"","grid":4,"rows":1}},"1540224939585":{"type":"image-with-text-overlay","settings":{"full-width":true,"fixed":false,"image":"","image_height":415,"page_text":"Image with Text overlay","font_size":26,"text_color":"#000000","link":"","button_text":"Add a button"}},"1540224990299":{"type":"featured-product","settings":{"heading":"Featured Product","featured_product":""}},"1540225030487":{"type":"newsletter","settings":{"heading":"Subscribe to our newsletter","newsletter_subheading":"<p>Signup to receive news and updates<\/p>","subheading_font_size":15,"section_heading_text":"#000000","subsection_heading_text":"#000","background_color":"#ede8d7"}}},"content_for_index":["1540224799153","1540224911099","1540224939585","1540224990299","1540225030487"]},"Desk":{"favicon":"","header_background":"#f6f5f3","header_color":"#000000","header_wrapper_background":"#ffffff","background":"#ffffff","text_color":"#000000","link_color":"#000000","link_hover_color":"#4c4c4c","sale_color":"#59533f","so_color":"#efa739","new_color":"#28323c","dotted_color":"#28323c","review_stars":"#59533f","mobile_header_background":"#ffffff","mobile_header_color":"#161616","mobile_header_links":"#161616","nav_color":"#000000","nav_hover_link_color":"#59533f","nav_hover_accent_color":"#efa739","nav_dropdown_color":"#000000","dropdown_background_color":"#f6f5f3","secondary_color":"rgba(0,0,0,0)","section_heading_text":"#ffffff","section_heading_primary":"#161616","section_heading_primary_hover":"#59533f","section_heading_accent":"#161616","banner_text":"#161616","banner_caption_bg":"#f6f5f3","button_color":"#28323c","button_text":"#ffffff","button_hover":"#59533f","button_hover_text":"#ffffff","secondary_button_color":"#59533f","secondary_button_text":"#ffffff","secondary_button_hover":"#efa739","secondary_button_hover_text":"#ffffff","direction_color":"#000","direction_background":"#ccc","direction_hover":"#aaa","accordion_header_bg":"#f6f5f3","accordion_header_text":"#161616","accordion_content_text":"#161616","swatch_color":"#28323c","swatch_background":"#ffffff","swatch_border":"#28323c","swatch_selected_color":"#ffffff","swatch_selected_background":"#28323c","swatch_selected_border":"#393c4a","footer_background":"#f6f5f3","footer_text":"#161616","footer_icons":"#28323c","main_font":"monotype_news_gothic_n4","nav_font":"monotype_news_gothic_n4","heading_font":"monotype_new_clarendon_n5","font_size":15,"nav_size":13,"h1_size":28,"h2_size":20,"h3_size":22,"h4_size":18,"h5_size":16,"navigation_transform":"uppercase","dropdown_transform":"none","link_decoration":"underline","scroll_animation":"none","breadcrumb":false,"rounded_buttons":false,"header_border_weight":3,"header_border_width":100,"header_border_style":"solid","header_horizontal_alignment":"middle","header_edges":"skewy","header_vertical_alignment":"center","quickview":true,"quick_show_payment_button":true,"enable_video_looping":false,"keyboard_focus":"#000000","focus_border_style":"dotted","focus_border_weight":1,"image_ratio":"vertical","display_options":"image-switch","product_icon_position":"bottom-right","product_align":"left","price_bold":true,"vendor":true,"product_info":"colors","color_swatch_options":"custom-image","product_border":false,"show_product_review_stars":true,"ajax_cart_method":"page","show_display_discount_code":true,"show_cart_notes":true,"show_shipping_calculator":true,"shipping_calculator_heading":"Get shipping estimate","shipping_calculator_default_country":"United States","shipping_calculator_submit_button_label":"Calculate shipping","shipping_calculator_submit_button_label_disabled":"Calculating...","show_shipping_countdown":true,"free_shipping_threshold":"200","free_shipping_bg":"#efa739","free_shipping_text":"#fff","twitter_url":"","facebook_url":"","pinterest_url":"","tumblr_url":"","youtube_url":"","googleplus_url":"","instagram_url":"","snapchat_id":"","weibo_id":"","popup":false,"test_mode":false,"show_discount_code":true,"generic_coupon_code":"SAVE20","mail_popup_title":"Join + Save","popup_h3_size":36,"mail_popup_text":"Join our newsletter","popup_subheading_size":18,"mail_gdpr_text":"*By completing this form you're signing up to receive our emails and can unsubscribe at any time.","mail_button_text":"Sign Up","popup_text_color":"#ffffff","popup_text_alignment":"center","popup_image":"background","popup_background_color":"#ffffff","email_image":"shopify:\/\/shop_images\/065827-580_10_1511496541_4b78068f-14b1-4aba-944a-fab07ed7a19c.jpg","show_notfication":true,"notification_position":"above-footer","notification_bar_height":62,"notification_text":"<p>Don't Let This Expire:&nbsp;40% OFF&nbsp;Your Purchase (CODE:&nbsp;BRSURPRISE)<a href=\"https:\/\/dev-underground-mrparker.myshopify.com\/collections\/all\" title=\"All Products\">&nbsp;<span style=\"text-decoration: underline;\">Exclusions Apply<\/span><\/a><\/p>","notification_size":14,"notification_text_color":"#ffffff","notification_text_alignment":"center","notification_background_color":"#28323c","notification_background_image":"shopify:\/\/shop_images\/065827-580_10_1511496541_4b78068f-14b1-4aba-944a-fab07ed7a19c.jpg","checkout_header_image":"","checkout_logo_image":"","checkout_logo_position":"left","checkout_logo_size":"medium","checkout_body_background_image":"","checkout_body_background_color":"#fff","checkout_input_background_color_mode":"white","checkout_sidebar_background_image":"","checkout_sidebar_background_color":"#fafafa","checkout_heading_font":"-apple-system, BlinkMacSystemFont, 'Segoe UI', Roboto, Helvetica, Arial, sans-serif, 'Apple Color Emoji', 'Segoe UI Emoji', 'Segoe UI Symbol'","checkout_body_font":"-apple-system, BlinkMacSystemFont, 'Segoe UI', Roboto, Helvetica, Arial, sans-serif, 'Apple Color Emoji', 'Segoe UI Emoji', 'Segoe UI Symbol'","checkout_accent_color":"#b5b5b5","checkout_button_color":"#000000","checkout_error_color":"#e32c2b","sections":{"mobile-navigation":{"type":"mobile-navigation","blocks":{"1603134279730":{"type":"cart_status","settings":{"cart_icon":"cart"}},"1603134282065":{"type":"navigation","settings":{"main_nav":"main-menu","customer_account_links":true}},"1603134286633":{"type":"search_box","settings":{}},"1603134294387":{"type":"social_icons","settings":{"icon_color":"#000000","icon_hover_color":"#313131"}},"1603134297258":{"type":"featured_text","settings":{"featured_text":"<p><b>Featured Text<\/b><\/p><p><em>A great place to share about a sale!<\/em><\/p>"}}},"block_order":["1603134279730","1603134282065","1603134286633","1603134294387","1603134297258"],"settings":{"background_color":"#ffffff","link_color":"#000000","border_color":"#000000"}},"header":{"type":"header","settings":{"full_width":false,"nav_top_border":false,"nav_bottom_border":false,"nav_border_color":"#161616","logo_position":"inline_left","absolute_header":false,"homepage_nav_color":"#ffffff","logo":"","logo_max_width":200,"logo_size":25,"main_nav":"main-menu","nav_height":50,"nav_hover_effect":"bottom-border","nav_split":2}},"footer":{"type":"footer","blocks":{"1520914274198":{"type":"text","settings":{"title":"About","footer_text":"<p>Since 2013 Mr Parker has been providing the&nbsp;most on point fashion and lifestyle accessories.<\/p>"}},"1520914258601":{"type":"menu","settings":{"footer_nav":"footer","title":"Our Collections"}},"1520914306190":{"type":"menu","settings":{"footer_nav":"main-menu","title":"Explore"}},"1520914313408":{"type":"newsletter","settings":{"title":"Connect","mailing_subheading":"<p>Join our mailing list for updates<\/p>"}}},"block_order":["1520914274198","1520914258601","1520914306190","1520914313408"],"settings":{"footer_text_align":"left","footer_title_size":13,"show_credit_cards":true}},"collection-template":{"type":"collection-template","blocks":{"1520914660779":{"type":"sort_by","settings":{"sort_by_title":"Sort"}},"1520914708127":{"type":"menu","settings":{"side_nav":"main-menu","title":"Explore"}},"1540403653070":{"type":"vendor_list","settings":{"shop_by_designer_title":"Shop by Designer"}},"1540403666591":{"type":"image","settings":{"image":"","link":""}},"1540403658670":{"type":"text_note","settings":{"textbox_heading":"Heading","textbox_subheading":"<p>Subheading<\/p>","subheading_align":"left"}}},"block_order":["1520914660779","1520914708127","1540403653070","1540403666591","1540403658670"],"settings":{"products_per_page":25,"show_collection_heading":true,"description_position":"sidebar_description","filter_position":"left_sidebar","filter_bg_color":"#ffffff","filter_border_color":"#d5d5d5","filter_text_color":"#415060"}},"product-template":{"type":"product-template","settings":{"product_image_border":"#ffffff","product_form_bg":"#f7f7f7","product_form_border":"#d5d5d5","description_position":"bottom","show_product_size_chart":false,"show_product_model":false,"enable_product_reviews":false,"reviews_heading":"Customer Reviews"}},"page-template":{"type":"page-template","settings":{"pagelist":"","page_sidebar_title":"Page sidebar title"}},"blog-template":{"type":"blog-template","blocks":{"1539361205986":{"type":"bio","settings":{"blog_bio_image":"","blog_bio_link":"","blog_bio_text":"<p>Lorem ipsum dolor sit amet, consectetur adipiscing elit, sed do eiusmod tempor incididunt ut labore et dolore magna aliqua.<\/p>"}},"1539361247526":{"type":"promo","settings":{"promo_image":"","promo_link":"","adsense_code":""}},"1539361234161":{"type":"social","settings":{"share_text":"Subscribe & Follow"}},"1539361238107":{"type":"subscribe","settings":{"subscribe_heading":"Join the Club","subscribe_subheading":"Sign up and receive the latest tips via email."}}},"block_order":["1539361205986","1539361247526","1539361234161","1539361238107"],"settings":{"banner_image":"","blog_subheading":"","blog_caption_position":"left","show_blog_promos":true,"promo_image_1":"","promo_text_1":"Promo 1","promo_link_1":"shopify:\/\/blogs\/news","promo_image_2":"","promo_text_2":"Promo 2","promo_link_2":"","promo_image_3":"","promo_text_3":"Promo 3","promo_link_3":"","show_date":true,"show_author":true,"recent_posts_layout":"list","recent_posts_heading":"Recent Posts","show_sidebar":true}},"collections-list-template":{"type":"collections-list-template","blocks":{"collections-list-template-0":{"type":"collection_list","settings":{"collection_list_type":"all","cl_title":"Collections","cl_collections_per_row":4}}},"block_order":["collections-list-template-0"],"settings":{"collection_banner_img":"","collection_banner_img_height":300,"show_collection_banner_caption":true,"collection_caption_heading":"Our Collections","collection_caption_subheading":"Shop collections by room","collection_caption_position":"left"}},"contact-page-template":{"type":"contact-page-template","settings":{"cf_show_first_name":true,"cf_show_last_name":false,"cf_show_company_name":false,"cf_show_address":false,"cf_show_website_url":false,"cf_show_phone":false,"cf_show_subject":true,"cf_show_custom_field_one":false,"cf_custom_field_one":"Custom Field One","cf_custom_field_one_type":"input","cf_show_custom_field_two":false,"cf_custom_field_two":"Custom Field Two","cf_custom_field_two_type":"input"}},"article-template":{"type":"article-template","settings":{"show_date":true,"show_author":true}},"page-custom-one":{"type":"page-custom-one","blocks":{"page-custom-one-0":{"type":"image_text_overlay","settings":{"io_full_width":true,"io_no_bottom_margin":false,"io_image":"","io_image_height":400,"io_link":"","io_heading":"Image with Text Overlay","io_heading_text_size":28,"io_heading_text_color":"#000","io_hidden_text":"<p>Pair text with a large full width image to give focus to areas of your store.<\/p>","io_hidden_text_size":18,"io_hidden_text_color":"#000"}},"page-custom-one-1":{"type":"page_title","settings":{"pt_align":"center"}},"page-custom-one-2":{"type":"page_content","settings":{"pc_align":"center","pc_max_width":800}},"1539882623367":{"type":"image_with_text","settings":{"iwt_image":"","iwt_layout":"left","iwt_image_width":"50%","iwt_text_align":"left","iwt_title":"Heading","iwt_text":"<p>Cool text<\/p>","iwt_link":"shopify:\/\/blogs\/news","iwt_button":"Hello All"}}},"block_order":["page-custom-one-0","page-custom-one-1","page-custom-one-2","1539882623367"],"settings":{}},"1540224799153":{"type":"gallery","blocks":{"1540224799153-0":{"type":"image","settings":{"image":"","text":"","button_text":"","link":""}},"1540224799153-1":{"type":"image","settings":{"image":"","text":"","button_text":"","link":""}},"1540224799153-2":{"type":"image","settings":{"image":"","text":"","button_text":"","link":""}}},"block_order":["1540224799153-0","1540224799153-1","1540224799153-2"],"settings":{"full_width":false}},"1540224911099":{"type":"featured-collection","settings":{"title":"Featured Collection","collection":"","grid":4,"rows":1}},"1540224939585":{"type":"image-with-text-overlay","settings":{"full-width":true,"fixed":false,"image":"","image_height":415,"page_text":"Image with Text overlay","font_size":26,"text_color":"#000000","link":"","button_text":"Add a button"}},"1540224990299":{"type":"featured-product","settings":{"heading":"Featured Product","featured_product":""}},"1540225030487":{"type":"newsletter","settings":{"heading":"Subscribe to our newsletter","newsletter_subheading":"<p>Signup to receive news and updates.<\/p>","subheading_font_size":15,"section_heading_text":"#000000","subsection_heading_text":"#000","background_color":"#ede8d7"}}},"content_for_index":["1540224799153","1540224911099","1540224939585","1540224990299","1540225030487"]}},"current":{"announcement_background":"#28323c","mobile_header_background":"#ffffff","mobile_header_text":"#161616","header_text":"#161616","nav_color":"#161616","nav_hover_link_color":"#4c4c4c","nav_hover_accent_color":"#526128","nav_dropdown_text":"#000000","nav_dropdown_background":"#ffffff","text_color":"#28323c","sale_color":"#eba1b8","so_color":"#f4cd6f","new_color":"#28323c","review_stars":"#f4cd6f","section_heading_text":"#000000","section_heading_primary":"#ffffff","section_heading_primary_hover":"#ffffff","section_heading_accent":"#9f9070","banner_caption_bg":"#ffffff","button_color":"#393c4a","button_text":"#ffffff","button_hover":"#415060","direction_color":"#9f9070","direction_background":"rgba(0,0,0,0)","direction_hover":"rgba(0,0,0,0)","swatch_border":"#d5d5d5","main_font":"avenir_next_n4","nav_font":"avenir_next_n6","heading_font":"avenir_next_n6","font_size":14,"h1_size":19,"h3_size":18,"scroll_animation":"none","header_border_weight":0,"header_border_width":60,"header_border_style":"dashed","header_horizontal_alignment":"middle","header_edges":"skewy","header_vertical_alignment":"center","product_icon_position":"bottom-left","product_align":"left","price_bold":true,"vendor":false,"product_border":false,"quickview":true,"product_info":"none","product_variants":"dropdowns","show_color_swatches":false,"color_swatch_shape":"circle","cart_type":"drawer","show_tax_note":true,"show_shipping_note":true,"show_cart_notes":false,"show_shipping_calculator":false,"shipping_calculator_default_country":"日本","show_shipping_countdown":false,"snapchat_id":"","weibo_id":"","show_notfication":false,"notification_position":"above-footer","notification_bar_height":62,"notification_text":"<p>SHARE NEWS ABOUT A SALE OR COUPON CODE<\/p>","notification_size":14,"notification_text_color":"#ffffff","notification_text_alignment":"center","notification_background_color":"#9f9070","accordion_header_bg":"#d5d5d5","accordion_content_text":"#4c4c4c","h4_size":16,"dropdown_transform":"none","link_decoration":"none","color_swatch_options":"custom-image","sections":{"mobile-navigation":{"type":"mobile-navigation","blocks":{"1603134279730":{"type":"cart_status","settings":{"cart_icon":"cart"}},"1603134286633":{"type":"search_box","settings":{}},"1603134282065":{"type":"navigation","settings":{"main_nav":"main-menu","customer_account_links":true}},"1603134294387":{"type":"social_icons","settings":{"icon_color":"#000000","icon_hover_color":"#313131"}}},"block_order":["1603134279730","1603134286633","1603134282065","1603134294387"],"settings":{"background_color":"#ffffff","link_color":"#231815","border_color":"#231815"}},"header":{"type":"header","settings":{"full_width":false,"nav_top_border":false,"nav_bottom_border":false,"nav_border_color":"#161616","logo_position":"inline_left_right","absolute_header":false,"homepage_nav_color":"#ffffff","logo":"shopify:\/\/shop_images\/96af854bde1a320b7197f9952f92267daf48293b.png","logo_max_width":120,"logo_size":25,"main_nav":"main-menu","nav_height":50,"nav_hover_effect":"bottom-border","nav_split":2}},"footer":{"type":"footer","blocks":{"1520914306190":{"type":"menu","settings":{"footer_nav":"main-menu","title":"メニュー"}},"1520914258601":{"type":"menu","settings":{"footer_nav":"footer","title":""}}},"block_order":["1520914306190","1520914258601"],"settings":{"footer_text_align":"left","footer_title_size":16,"show_credit_cards":true,"payment_icon_color":true,"show_copyright":true,"show_locale_selector":false,"show_currency_selector":false}},"collection-template":{"type":"collection-template","blocks":{"1520914660779":{"type":"sort_by","settings":{"sort_by_title":"Sort"}},"1520914708127":{"type":"menu","settings":{"side_nav":"main-menu","title":"Explore"}},"1540403653070":{"type":"vendor_list","settings":{"shop_by_designer_title":"Shop by Designer"}},"1540403666591":{"type":"image","settings":{"image":"","link":""}},"1540403658670":{"type":"text_note","settings":{"textbox_heading":"Heading","textbox_subheading":"<p>Subheading<\/p>","subheading_align":"left"}}},"block_order":["1520914660779","1520914708127","1540403653070","1540403666591","1540403658670"],"settings":{"products_per_page":25,"show_collection_heading":true,"description_position":"sidebar_description","filter_position":"left_sidebar","filter_bg_color":"#ffffff","filter_border_color":"#d5d5d5","filter_text_color":"#415060"}},"product-template":{"type":"product-template","settings":{"click_to_enlarge":true,"image_options":"static","thumbnail_position":"right","thumbs_to_show":3,"slide_controls":"arrows","enable_video_looping":false,"product_image_border":"#ffffff","product_form_bg":"#ffffff","product_form_border":"#ffffff","description_position":"bottom","show_product_size_chart":false,"show_product_model":false,"enable_product_reviews":false,"reviews_heading":"Customer Reviews"}},"page-template":{"type":"page-template","settings":{"pagelist":"","page_sidebar_title":"Page sidebar title"}},"blog-template":{"type":"blog-template","blocks":{"1539361205986":{"type":"bio","settings":{"blog_bio_text":"<p>Lorem ipsum dolor sit amet, consectetur adipiscing elit, sed do eiusmod tempor incididunt ut labore et dolore magna aliqua.<\/p>"}},"1539361247526":{"type":"promo","settings":{"adsense_code":""}},"1539361234161":{"type":"social","settings":{"share_text":"Subscribe & Follow"}},"1539361238107":{"type":"subscribe","settings":{"subscribe_heading":"Join the Club","subscribe_subheading":"Sign up and receive the latest tips via email."}}},"block_order":["1539361205986","1539361247526","1539361234161","1539361238107"],"settings":{"blog_subheading":"","blog_caption_position":"left","show_blog_promos":true,"promo_text_1":"Promo 1","promo_link_1":"shopify:\/\/blogs\/news","promo_text_2":"Promo 2","promo_text_3":"Promo 3","show_date":true,"show_author":true,"recent_posts_layout":"list","recent_posts_heading":"Recent Posts","show_sidebar":true}},"collections-list-template":{"type":"collections-list-template","blocks":{"collections-list-template-0":{"type":"collection_list","settings":{"collection_list_type":"all","cl_title":"Collections","cl_collections_per_row":4}}},"block_order":["collections-list-template-0"],"settings":{"collection_banner_img":"","collection_banner_img_height":300,"show_collection_banner_caption":true,"collection_caption_heading":"Our Collections","collection_caption_subheading":"Shop collections by room","collection_caption_position":"left"}},"contact-page-template":{"type":"contact-page-template","settings":{"cf_show_first_name":true,"cf_show_last_name":false,"cf_show_company_name":false,"cf_show_address":false,"cf_show_website_url":false,"cf_show_phone":false,"cf_show_subject":true,"cf_show_custom_field_one":false,"cf_custom_field_one":"Custom Field One","cf_custom_field_one_type":"input","cf_show_custom_field_two":false,"cf_custom_field_two":"Custom Field Two","cf_custom_field_two_type":"input"}},"article-template":{"type":"article-template","settings":{"show_date":true,"show_author":false}},"page-custom-one":{"type":"page-custom-one","blocks":{"page-custom-one-0":{"type":"image_text_overlay","settings":{"io_full_width":true,"io_no_bottom_margin":false,"io_image":"","io_image_height":400,"io_link":"","io_heading":"Image with Text Overlay","io_heading_text_size":28,"io_heading_text_color":"#000","io_hidden_text":"<p>Pair text with a large full width image to give focus to areas of your store.<\/p>","io_hidden_text_size":18,"io_hidden_text_color":"#000"}},"page-custom-one-1":{"type":"page_title","settings":{"pt_align":"center"}},"page-custom-one-2":{"type":"page_content","settings":{"pc_align":"center","pc_max_width":800}},"1539882623367":{"type":"image_with_text","settings":{"iwt_image":"","iwt_layout":"left","iwt_image_width":"50%","iwt_text_align":"left","iwt_title":"Heading","iwt_text":"<p>Cool text<\/p>","iwt_link":"shopify:\/\/blogs\/news","iwt_button":"Hello All"}}},"block_order":["page-custom-one-0","page-custom-one-1","page-custom-one-2","1539882623367"],"settings":{"margin_bottom":50}},"1608055305608dbc24":{"type":"slideshow","blocks":{"1608055305608dbc24-0":{"type":"image","settings":{"image":"shopify:\/\/shop_images\/efa93b4f65be06cf0349e6a6cba0d72083e6fa68_xlarge.jpg","overlay":false,"text_align":"center","caption_horizontal":0,"caption_vertical":100,"mobile_image":"shopify:\/\/shop_images\/efa93b4f65be06cf0349e6a6cba0d72083e6fa68_xlarge_3505f8df-90fb-4107-be1e-decb7ae91069.jpg","hide_caption_background":false,"caption_below":false,"heading":"","subheading":"","button_text":"","second_button_text":"","slide_text_color":"#000000","cta_color":"#ffffff","cta_background":"#000000","caption_background":"rgba(0,0,0,0)"}},"1608055305608dbc24-1":{"type":"image","settings":{"image":"shopify:\/\/shop_images\/efa93b4f65be06cf0349e6a6cba0d72083e6fa68_xlarge.jpg","overlay":false,"text_align":"left","caption_horizontal":50,"caption_vertical":50,"mobile_image":"shopify:\/\/shop_images\/efa93b4f65be06cf0349e6a6cba0d72083e6fa68_xlarge_3505f8df-90fb-4107-be1e-decb7ae91069.jpg","hide_caption_background":false,"caption_below":false,"heading":"","subheading":"","button_text":"","second_button_text":"","slide_text_color":"#000000","cta_color":"#ffffff","cta_background":"#000000","caption_background":"rgba(0,0,0,0)"}}},"block_order":["1608055305608dbc24-0","1608055305608dbc24-1"],"settings":{"display_wide":true,"slider_speed":5,"pager":"arrows","video_audio":"off","slide_heading_size":22,"subheading_size":14,"cta_size":14}},"1608062240cb7dcaf3":{"type":"featured-collection","settings":{"title":"RIZIN.29大会グッズ","collection":"rizin-29","grid":3,"rows":2}},"announcement-bar":{"type":"announcement-bar","settings":{"full_width":false,"announcement_text":"","icons_only":false,"show_search_box":true,"announcement_text_size":16,"show_locale_selector":false,"show_currency_selector":false}},"popup":{"type":"popup","settings":{"popup":false,"popup_delay":5,"popup_frequency":7,"popup_image":"background","mail_popup_title":"Join us and get nice things","mail_popup_text":"Free stuff and general goodness","mail_button_text":"Sign Up","mail_gdpr_text":"*By completing this form you're signing up to receive our emails and can unsubscribe at any time.","popup_h3_size":18,"popup_subheading_size":18,"popup_text_color":"#000000","popup_background_color":"#ffffff"}},"cart-template":{"type":"cart-template","settings":{}},"16202105481a15c4aa":{"type":"collection-list","blocks":{"16202105481a15c4aa-0":{"type":"featured_collection","settings":{"collection":"選手１"}},"16202105481a15c4aa-1":{"type":"featured_collection","settings":{"collection":"選手２"}},"84bd457b-2b89-465a-8a51-32fb10f53fd0":{"type":"featured_collection","settings":{"collection":"選手３"}},"ff15380e-bd73-4f2b-ace1-826514f1d6a7":{"type":"featured_collection","settings":{"collection":""}}},"block_order":["16202105481a15c4aa-0","16202105481a15c4aa-1","84bd457b-2b89-465a-8a51-32fb10f53fd0","ff15380e-bd73-4f2b-ace1-826514f1d6a7"],"settings":{"title":"選手グッズ","grid":4}},"product-recommendations":{"type":"product-recommendations","settings":{"show_product_recommendations":true,"product_recommendations_heading":"Recommended products","grid":4,"recommended_product_limit":4}},"16202107637389ac6d":{"type":"featured-blog","settings":{"title":"Blog posts","blog":"ニュース","post_limit":12,"show_date":true,"show_author":false}},"162021085264104e4d":{"type":"gallery","blocks":{"162021085264104e4d-2":{"type":"image","settings":{"image":"shopify:\/\/shop_images\/efa93b4f65be06cf0349e6a6cba0d72083e6fa68_xlarge_3505f8df-90fb-4107-be1e-decb7ae91069.jpg","overlay":true,"title_text":"ガチャガチャ","text":"<p>オンラインガチャガチャへの導線<\/p>","button_text":"Button","caption_bottom":false,"color":"#ffffff","button_text_color":"#ffffff","button_color":"#000000","column_size":2}},"162021085264104e4d-1":{"type":"image","settings":{"image":"shopify:\/\/shop_images\/efa93b4f65be06cf0349e6a6cba0d72083e6fa68_xlarge_3505f8df-90fb-4107-be1e-decb7ae91069.jpg","overlay":true,"title_text":"コラム","text":"<p>コラムへの導線<\/p>","button_text":"Button","caption_bottom":false,"color":"#ffffff","button_text_color":"#ffffff","button_color":"#000000","column_size":2}}},"block_order":["162021085264104e4d-2","162021085264104e4d-1"],"settings":{"full_width":false,"no_space":false,"heading_size":15,"text_size":15,"image_size":"none"}}},"content_for_index":["1608055305608dbc24","1608062240cb7dcaf3","16202105481a15c4aa","16202107637389ac6d","162021085264104e4d"]}}